2003/1/14,32,28,33,11,13,7,20,ึํอรนทบ๏ยํส๓+ึํ
2003/1/16,2,40,39,42,34,36,29,ษ฿อรม๚ลฃผฆั๒+ปข
2003/1/21,44,49,16,20,21,43,6,ึํยํอรึํนทส๓+ลฃ
2003/1/23,36,6,38,27,14,23,49,ั๒ลฃษ฿ม๚ษ฿บ๏+ยํ
2003/1/28,30,10,25,46,5,41,48,ลฃผฆยํผฆปขปข+ั๒
2003/1/30,7,28,8,4,5,6,23,ส๓อรึํอรปขลฃ+บ๏
2003/2/4,28,43,12,7,20,27,46,ม๚ลฃบ๏ลฃส๓ษ฿+นท
2003/2/6,18,31,26,11,46,4,16,ปขลฃยํผฆนทม๚+ม๚
2003/2/11,22,11,28,38,40,23,29,นทผฆม๚ยํม๚ผฆ+อร
2003/2/13,12,8,24,39,4,40,18,บ๏ส๓บ๏ษ฿ม๚ม๚+ปข
2003/2/18,20,49,19,10,16,40,24,ส๓ั๒ลฃนทม๚ม๚+บ๏
2003/2/20,41,48,13,24,16,1,35,อรบ๏ั๒บ๏ม๚ั๒+ผฆ
2003/2/25,42,19,13,45,28,23,15,ปขลฃั๒ึํม๚ผฆ+ษ฿
2003/2/27,25,4,21,12,9,34,36,ั๒ม๚ึํบ๏ึํนท+บ๏
2003/3/4,38,9,44,42,32,33,43,ยํึํส๓ปขส๓ึํ+ลฃ
2003/3/6,48,15,40,20,35,45,30,บ๏ษ฿ม๚ส๓ผฆึํ+ปข
2003/3/11,10,35,39,31,22,20,17,นทผฆษ฿ลฃนทส๓+อร
2003/3/13,49,21,3,20,43,2,32,ั๒ึํษ฿ส๓ลฃยํ+ส๓
2003/3/18,22,23,35,8,24,10,33,นทผฆผฆส๓บ๏นท+ึํ
2003/3/20,13,14,39,23,21,42,36,ั๒ยํษ฿ผฆึํปข+บ๏
2003/3/25,30,28,23,34,13,42,20,ปขม๚ผฆนทั๒ปข+ส๓
2003/3/27,48,22,21,9,26,37,35,บ๏นทึํึํยํั๒+ผฆ
2003/4/1,48,12,43,30,40,17,18,บ๏บ๏ลฃปขม๚อร+ปข
2003/4/3,32,29,21,43,38,41,7,ส๓อรึํลฃยํอร+ลฃ
2003/4/8,13,6,47,11,40,24,42,ั๒ปขผฆผฆม๚บ๏+ปข
2003/4/10,7,11,33,23,13,31,28,ลฃผฆึํผฆั๒ลฃ+ม๚
2003/4/15,37,39,15,28,27,9,33,ั๒ษ฿ษ฿ม๚ษ฿ึํ+ึํ
2003/4/17,38,12,45,26,18,34,43,ยํบ๏ึํยํปขนท+ลฃ
2003/4/22,31,36,26,7,27,14,43,ลฃบ๏ยํลฃษ฿ยํ+ลฃ
2003/4/24,20,11,14,47,17,42,27,ส๓ผฆยํผฆอรปข+ษ฿
2003/1/30,7,28,8,4,5,6,23,ลฃม๚ส๓ม๚อรปข+ผฆ
2003/2/4,28,43,12,7,20,27,46,ม๚ลฃบ๏ลฃส๓ษ฿+นท
2003/2/6,18,31,26,11,46,4,16,ปขลฃยํผฆนทม๚+ม๚
2003/2/11,22,11,28,38,40,23,29,นทผฆม๚ยํม๚ผฆ+อร
2003/2/13,12,8,24,39,4,40,18,บ๏ส๓บ๏ษ฿ม๚ม๚+ปข
2003/2/18,20,49,19,10,16,40,24,ส๓ั๒ลฃนทม๚ม๚+บ๏
2003/2/20,41,42,13,24,16,1,35,อรปขั๒บ๏ม๚ั๒+ผฆ
2003/2/25,42,19,13,45,28,23,15,ปขลฃั๒ึํม๚ผฆ+ษ฿
2003/2/27,25,4,21,12,9,34,36,ั๒ม๚ึํบ๏ึํนท+บ๏
2003/3/4,38,9,44,42,32,33,43,ยํึํส๓ปขส๓ึํ+ลฃ
2003/6/3,21,37,47,12,2,49,11,ึํั๒ผฆบ๏ยํั๒+ผฆ
2003/6/5,9,44,30,48,27,33,37,ึํส๓ปขบ๏ษ฿ึํ+ั๒
2003/6/10,10,19,44,26,30,32,29,นทลฃส๓ยํปขส๓+อร
2003/6/12,27,38,31,14,44,3,26,ษ฿ยํลฃยํส๓ษ฿+ยํ
2003/6/17,22,3,11,18,24,37,49,นทษ฿ผฆปขบ๏ั๒+ั๒
2003/6/19,4,10,24,47,3,26,12,ม๚นทบ๏ผฆษ฿ยํ+บ๏
2003/6/24,21,2,37,44,10,22,47,ึํยํั๒ส๓นทนท+ผฆ
2003/6/26,37,9,40,29,7,26,11,ั๒ึํม๚อรลฃยํ+ผฆ
2003/6/30,18,16,32,47,44,14,2,ปขม๚ส๓ผฆส๓ยํ+ยํ
2003/7/3,47,20,39,6,12,5,38,ผฆส๓ษ฿ปขบ๏อร+ยํ
2003/4/10,7,11,33,23,13,31,28,ลฃผฆึํผฆั๒ลฃ+ม๚
2003/4/15,37,39,15,28,27,9,33,ั๒ษ฿ษ฿ม๚ษ฿ึํ+ึํ
2003/4/17,38,12,45,26,18,34,43,ยํบ๏ึํยํปขนท+ลฃ
2003/4/22,31,36,26,7,27,14,43,ลฃบ๏ยํลฃษ฿ยํ+ลฃ
2003/4/24,20,11,14,47,17,42,27,ส๓ผฆยํผฆอรปข+ษ฿
2003/4/29,37,47,49,30,19,41,3,ั๒ผฆั๒ปขลฃอร+ษ฿
2003/5/2,10,19,35,8,31,3,36,นทลฃผฆส๓ลฃษ฿+บ๏
2003/5/6,19,7,30,44,37,34,48,ลฃลฃปขส๓ั๒นท+บ๏
2003/5/9,11,29,32,20,33,23,35,ผฆอรส๓ส๓ึํผฆ+ผฆ
2003/5/13,35,34,9,29,17,20,18,ผฆนทึํอรอรส๓+ปข
2003/7/29,2,34,11,6,20,5,32,ยํนทผฆปขส๓อร+ส๓
2003/7/31,24,47,18,17,15,5,7,บ๏ผฆปขอรษ฿อร+ลฃ
2003/8/2,16,33,36,31,38,29,4,ม๚ึํบ๏ลฃยํอร+ม๚
2003/8/5,2,45,41,42,22,39,26,ยํึํอรปขนทษ฿+ยํ
2003/8/7,2,31,17,12,40,37,1,ยํลฃอรบ๏ม๚ั๒+ั๒
2003/8/9,28,42,17,26,16,40,44,ม๚ปขอรยํม๚ม๚+ส๓
2003/8/12,33,18,9,38,26,6,29,ึํปขึํยํยํปข+อร
2003/8/14,11,18,27,2,20,17,10,ผฆปขษ฿ยํส๓อร+นท
2003/8/16,6,39,3,8,2,25,38,ปขษ฿ษ฿ส๓ยํั๒+ยํ
2003/8/19,30,47,13,36,20,16,24,ปขผฆั๒บ๏ส๓ม๚+บ๏
2003/8/21,18,36,9,10,21,45,6,ปขบ๏ึํนทึํึํ+ปข
2003/8/23,33,14,31,8,36,42,34,ึํยํลฃส๓บ๏ปข+นท
2003/8/26,25,7,37,39,10,21,9,ั๒ลฃั๒ษ฿นทึํ+ึํ
2003/8/28,36,28,27,41,5,6,47,บ๏ม๚ษ฿อรอรปข+ผฆ
2003/8/30,22,25,17,15,28,16,12,นทั๒อรษ฿ม๚ม๚+บ๏
2003/9/4,4,26,17,38,1,44,11,ม๚ยํอรยํั๒ส๓+ผฆ
2003/9/9,28,21,7,41,31,12,3,ม๚ึํลฃอรลฃบ๏+ษ฿
2003/9/12,41,5,1,28,21,35,38,อรอรั๒ม๚ึํผฆ+ยํ
2003/9/16,4,48,13,43,2,49,24,ม๚บ๏ั๒ลฃยํั๒+บ๏
2003/9/18,18,28,5,14,4,31,24,ปขม๚อรยํม๚ลฃ+บ๏
2003/9/20,2,43,31,9,13,3,10,ยํลฃลฃึํั๒ษ฿+นท
2003/9/23,13,49,2,22,39,20,41,ั๒ั๒ยํนทษ฿ส๓+อร
2003/9/25,41,42,2,9,40,7,28,อรปขยํึํม๚ลฃ+ม๚
2003/9/30,27,38,28,10,18,24,21,ษ฿ยํม๚นทปขบ๏+ึํ
2003/10/2,7,39,10,15,4,19,22,ลฃษ฿นทษ฿ม๚ลฃ+นท
2003/10/4,41,31,8,47,33,23,38,อรลฃส๓ผฆึํผฆ+ยํ
2003/10/7,28,33,47,38,17,42,34,ม๚ึํผฆยํอรปข+นท
2003/10/9,23,40,31,19,44,47,3,ผฆม๚ลฃลฃส๓ผฆ+ษ฿
2003/10/14,37,9,16,30,31,32,24,ั๒ึํม๚ปขลฃส๓+บ๏
2003/10/16,6,27,36,43,49,38,40,ปขษ฿บ๏ลฃั๒ยํ+ม๚
2003/10/18,14,39,42,20,26,40,12,ยํษ฿ปขส๓ยํม๚+บ๏
2003/10/21,44,41,24,35,25,47,38,ส๓อรบ๏ผฆั๒ผฆ+ยํ
2003/10/23,30,15,43,21,10,7,8,ปขษ฿ลฃึํนทลฃ+ส๓
2003/10/28,47,21,42,25,49,7,1,ผฆึํปขั๒ั๒ลฃ+ั๒
2003/10/30,39,17,10,45,19,11,15,ษ฿อรนทึํลฃผฆ+ษ฿
2003/11/1,8,12,4,23,15,33,36,ส๓บ๏ม๚ผฆษ฿ึํ+บ๏
2003/11/3,9,41,18,22,6,31,24,ึํอรปขนทปขลฃ+บ๏
2003/11/6,5,49,28,14,27,6,42,อรั๒ม๚ยํษ฿ปข+ปข
2003/11/11,37,1,4,28,19,49,29,ั๒ั๒ม๚ม๚ลฃั๒+อร
2003/11/14,44,48,37,29,28,25,43,ส๓บ๏ั๒อรม๚ั๒+ลฃ
2003/9/4,4,26,17,38,1,44,11,ม๚ยํอรยํั๒ส๓+ผฆ
2003/9/9,28,21,7,41,31,12,3,ม๚ึํลฃอรลฃบ๏+ษ฿
2003/9/12,41,5,1,28,21,35,38,อรอรั๒ม๚ึํผฆ+ยํ
2003/9/16,4,48,13,43,2,49,24,ม๚บ๏ั๒ลฃยํั๒+บ๏
2003/9/18,18,28,5,14,4,31,24,ปขม๚อรยํม๚ลฃ+บ๏
2003/9/20,2,43,31,9,13,3,10,ยํลฃลฃึํั๒ษ฿+นท
2003/9/23,13,49,2,22,39,20,41,ั๒ั๒ยํนทษ฿ส๓+อร
2003/9/25,41,42,2,9,40,7,28,อรปขยํึํม๚ลฃ+ม๚
2003/9/30,27,38,28,10,18,24,21,ษ฿ยํม๚นทปขบ๏+ึํ
2003/10/2,7,39,10,15,4,19,22,ลฃษ฿นทษ฿ม๚ลฃ+นท
2003/10/4,41,31,8,47,33,13,38,อรลฃส๓ผฆึํั๒+ยํ
2003/10/7,28,33,47,38,17,42,34,ม๚ึํผฆยํอรปข+นท
2003/10/9,23,40,31,19,44,47,3,ผฆม๚ลฃลฃส๓ผฆ+ษ฿
2003/10/14,37,9,16,30,31,32,24,ั๒ึํม๚ปขลฃส๓+บ๏
2003/10/16,6,27,36,43,49,38,40,ปขษ฿บ๏ลฃั๒ยํ+ม๚
2003/10/18,14,39,42,20,26,40,12,ยํษ฿ปขส๓ยํม๚+บ๏
2003/10/21,44,41,24,35,25,47,38,ส๓อรบ๏ผฆั๒ผฆ+ยํ
2003/10/23,30,15,43,21,10,7,8,ปขษ฿ลฃึํนทลฃ+ส๓
2003/10/28,47,21,42,25,49,7,1,ผฆึํปขั๒ั๒ลฃ+ั๒
2003/10/30,39,17,10,45,19,11,15,ษ฿อรนทึํลฃผฆ+ษ฿
2003/11/1,8,12,23,4,15,33,36,ส๓บ๏ผฆม๚ษ฿ึํ+บ๏
2003/11/3,9,41,18,22,6,31,24,ึํอรปขนทปขลฃ+บ๏
2003/11/6,5,49,28,14,27,6,42,อรั๒ม๚ยํษ฿ปข+ปข
2003/11/11,37,1,4,28,19,49,29,ั๒ั๒ม๚ม๚ลฃั๒+อร
2003/11/14,44,48,37,29,28,25,43,ส๓บ๏ั๒อรม๚ั๒+ลฃ
2003/11/18,11,22,34,48,14,24,43,ผฆนทนทบ๏ยํบ๏+ลฃ
2003/11/20,31,34,18,25,37,35,5,ลฃนทปขั๒ั๒ผฆ+อร
2003/11/25,11,48,39,30,41,13,45,ผฆบ๏ษ฿ปขอรั๒+ึํ
2003/11/27,15,45,7,10,49,38,22,ษ฿ึํลฃนทั๒ยํ+นท
2003/11/29,4,2,46,14,3,44,5,ม๚ยํนทยํษ฿ส๓+อร
2003/12/2,41,18,48,12,8,23,19,อรปขบ๏บ๏ส๓ผฆ+ลฃ
2003/12/4,2,39,25,8,19,3,49,ยํษ฿ั๒ส๓ลฃษ฿+ั๒
2003/12/9,48,35,15,20,31,10,14,บ๏ผฆษ฿ส๓ลฃนท+ยํ
2003/12/11,14,35,1,22,31,19,34,ยํผฆั๒นทลฃลฃ+นท
2003/12/13,22,13,33,42,29,6,11,นทั๒ึํปขอรปข+ผฆ
2003/12/16,36,48,13,37,33,11,46,บ๏บ๏ั๒ั๒ึํผฆ+นท
2003/12/18,42,33,44,24,31,23,27,ปขึํส๓บ๏ลฃผฆ+ษ฿
2003/12/23,48,5,17,34,42,19,44,บ๏อรอรนทปขลฃ+ส๓
2003/12/30,1,39,47,38,36,22,27,ั๒ษ฿ผฆยํบ๏นท+ษ฿
2004/12/14,31,48,22,25,19,3,12,ปขผฆึํบ๏ปขยํ+ผฆ
2004/12/17,11,14,46,47,26,6,40,นทั๒ึํนทั๒อร+ษ฿
2004/12/19,32,25,24,34,39,1,10,ลฃบ๏ผฆึํยํบ๏+ึํ
2004/12/21,20,45,36,2,49,48,21,ลฃส๓ผฆั๒บ๏ผฆ+ส๓
2004/12/23,45,1,10,43,12,16,13,ส๓บ๏ึํปขผฆษ฿+บ๏
2004/12/25,2,41,37,28,30,15,31,ั๒ม๚บ๏ษ฿อรยํ+ปข
2004/12/28,48,9,5,43,35,38,6,ผฆส๓ม๚ปขนทั๒+อร
2004/12/30,17,20,34,38,28,47,14,ม๚ลฃึํั๒ษ฿นท+ั๒
2004/1/3,49,31,39,33,36,3,1,ั๒ลฃษ฿ึํบ๏ษ฿+ั๒
2004/3/18,3,4,36,25,47,2,8,ยํษ฿ผฆบ๏นทั๒+ลฃ
2004/3/20,6,44,21,49,28,36,32,อรลฃส๓บ๏ษ฿ผฆ+ลฃ
2004/1/13,30,49,34,39,43,48,6,ปขั๒นทษ฿ลฃบ๏+ปข
2004/1/15,13,9,31,40,8,48,43,ั๒ึํลฃม๚ส๓บ๏+ลฃ
2004/1/17,5,49,3,19,26,32,1,อรั๒ษ฿ลฃยํส๓+ั๒
2004/1/20,5,32,28,31,9,6,19,อรส๓ม๚ลฃึํปข+ลฃ
2004/1/27,40,41,13,18,10,29,4,ษ฿ม๚บ๏อรึํม๚+ษ฿
2004/1/29,22,21,31,24,27,42,11,ึํส๓ปขผฆยํอร+นท
2004/1/31,46,30,41,1,32,29,8,ึํอรม๚บ๏ลฃม๚+ลฃ
2004/4/13,49,24,1,30,47,23,42,บ๏ผฆบ๏อรนทนท+อร
2004/2/5,48,12,43,35,22,29,38,ผฆผฆปขนทึํม๚+ั๒
2004/2/10,37,39,44,22,32,20,11,บ๏ยํลฃึํลฃลฃ+นท
2004/2/12,32,21,31,9,22,17,4,ลฃส๓ปขส๓ึํม๚+ษ฿
2004/2/14,49,15,28,13,4,45,7,บ๏ยํษ฿บ๏ษ฿ส๓+ปข
2004/2/17,7,38,15,41,28,20,37,ปขั๒ยํม๚ษ฿ลฃ+บ๏
2004/2/19,6,3,26,14,40,9,19,อรยํั๒ั๒ษ฿ส๓+ปข
2004/2/21,7,41,25,24,22,40,1,ปขม๚บ๏ผฆึํษ฿+บ๏
2004/2/24,16,8,4,2,18,3,6,ษ฿ลฃษ฿ั๒อรยํ+อร
2004/2/26,1,14,39,48,45,9,3,บ๏ั๒ยํผฆส๓ส๓+ยํ
2004/3/2,46,8,49,33,20,36,18,ึํลฃบ๏ส๓ลฃผฆ+อร
2004/5/15,15,8,7,27,49,34,22,ยํลฃปขยํบ๏ึํ+ึํ
2004/5/18,10,23,49,43,30,21,3,ึํนทบ๏ปขอรส๓+ยํ
2004/5/20,31,40,45,47,4,18,29,ปขษ฿ส๓นทษ฿อร+ม๚
2004/5/25,40,23,37,45,14,27,39,ษ฿นทบ๏ส๓ั๒ยํ+ยํ
2004/5/27,24,2,19,16,49,48,12,ผฆั๒ปขษ฿บ๏ผฆ+ผฆ
2004/5/29,46,3,40,10,27,20,9,ึํยํษ฿ึํยํลฃ+ส๓
2004/6/1,43,9,39,32,38,27,31,ปขส๓ยํลฃั๒ยํ+ปข
2004/6/3,41,13,47,40,37,33,48,ม๚บ๏นทษ฿บ๏ส๓+ผฆ
2004/6/5,29,8,6,12,40,32,45,ม๚ลฃอรผฆษ฿ลฃ+ส๓
2004/6/8,29,37,49,7,18,28,12,ม๚บ๏บ๏ปขอรษ฿+ผฆ
2004/6/11,48,42,11,16,43,26,32,ผฆอรนทษ฿ปขั๒+ลฃ
2004/6/15,7,3,20,13,48,36,47,ปขยํลฃบ๏ผฆผฆ+นท
2004/6/17,5,28,18,32,21,9,7,ม๚ษ฿อรลฃส๓ส๓+ปข
2004/6/19,28,38,34,41,46,48,36,ษ฿ั๒ึํม๚ึํผฆ+ผฆ
2004/6/24,13,40,3,5,11,6,45,บ๏ษ฿ยํม๚นทอร+ส๓
2004/6/26,33,44,29,7,21,23,9,ส๓ลฃม๚ปขส๓นท+ส๓
2004/6/29,3,9,14,25,7,44,45,ยํส๓ั๒บ๏ปขลฃ+ส๓
2004/7/1,33,37,11,25,32,42,31,ส๓บ๏นทบ๏ลฃอร+ปข
2004/7/3,18,35,16,48,49,2,43,อรนทษ฿ผฆบ๏ั๒+ปข
2004/7/6,42,9,37,22,48,40,26,อรส๓บ๏ึํผฆษ฿+ั๒
2004/4/29,26,34,19,31,30,4,37,ั๒ึํปขปขอรษ฿+บ๏
2004/5/4,47,29,21,37,16,46,35,นทม๚ส๓บ๏ษ฿ึํ+นท
2004/5/6,36,28,33,8,38,47,2,ผฆษ฿ส๓ลฃั๒นท+ั๒
2004/5/11,24,13,37,11,22,7,36,ผฆบ๏บ๏นทึํปข+ผฆ
2004/5/13,9,21,48,37,40,13,12,ส๓ส๓ผฆบ๏ษ฿บ๏+ผฆ
2004/5/15,15,8,7,27,49,34,22,ยํลฃปขยํบ๏ึํ+ึํ
2004/5/18,10,23,49,43,30,21,3,ึํนทบ๏ปขอรส๓+ยํ
2004/5/20,31,40,45,47,4,18,29,ปขษ฿ส๓นทษ฿อร+ม๚
2004/5/25,40,23,37,45,14,27,39,ษ฿นทบ๏ส๓ั๒ยํ+ยํ
2004/5/27,24,2,19,16,49,48,12,ผฆั๒ปขษ฿บ๏ผฆ+ผฆ
2004/5/29,46,3,40,10,27,20,9,ึํยํษ฿ึํยํลฃ+ส๓
2004/6/1,43,9,39,32,38,27,31,ปขส๓ยํลฃั๒ยํ+ปข
2004/6/3,41,13,47,40,37,33,48,ม๚บ๏นทษ฿บ๏ส๓+ผฆ
2004/6/5,29,8,6,12,40,32,45,ม๚ลฃอรผฆษ฿ลฃ+ส๓
2004/6/8,29,37,49,7,18,28,12,ม๚บ๏บ๏ปขอรษ฿+ผฆ
2004/6/10,48,42,11,16,43,26,32,ผฆอรนทษ฿ปขั๒+ลฃ
2004/6/15,7,3,20,13,48,36,47,ปขยํลฃบ๏ผฆผฆ+นท
2004/6/17,5,28,18,32,21,9,7,ม๚ษ฿อรลฃส๓ส๓+ปข
2004/6/19,28,38,34,41,46,48,36,ษ฿ั๒ึํม๚ึํผฆ+ผฆ
2004/6/24,13,40,3,5,11,6,45,บ๏ษ฿ยํม๚นทอร+ส๓
2004/6/26,33,44,29,7,21,23,9,ส๓ลฃม๚ปขส๓นท+ส๓
2004/6/29,3,9,14,25,7,44,45,ยํส๓ั๒บ๏ปขลฃ+ส๓
2004/7/1,33,37,11,25,32,42,31,ส๓บ๏นทบ๏ลฃอร+ปข
2004/7/3,18,35,16,48,49,2,43,อรนทษ฿ผฆบ๏ั๒+ปข
2004/7/6,42,9,37,22,48,40,26,อรส๓บ๏ึํผฆษ฿+ั๒
2004/7/8,28,36,13,6,8,3,38,ษ฿ผฆบ๏อรลฃยํ+ั๒
2004/7/10,36,6,7,1,42,12,34,ผฆอรปขบ๏อรผฆ+ึํ
2004/7/13,13,21,18,35,1,3,15,บ๏ส๓อรนทบ๏ยํ+ยํ
2004/7/15,6,37,38,30,43,31,24,อรบ๏ั๒อรปขปข+ผฆ
2004/7/17,7,48,32,9,49,18,10,ปขผฆลฃส๓บ๏อร+ึํ
2004/7/20,32,6,21,8,12,43,25,ลฃอรส๓ลฃผฆปข+บ๏
2004/7/22,24,7,8,1,42,6,22,ผฆปขลฃบ๏อรอร+ึํ
2004/7/24,36,10,22,37,18,34,15,ผฆึํึํบ๏อรึํ+ยํ
2004/7/27,35,43,1,2,34,20,37,นทปขบ๏ั๒ึํลฃ+บ๏
2004/7/29,26,16,35,36,1,31,38,ั๒ษ฿นทผฆบ๏ปข+ั๒
2004/7/31,14,40,43,13,48,32,12,ั๒ษ฿ปขบ๏ผฆลฃ+ผฆ
2004/8/3,49,14,37,29,27,7,9,บ๏ั๒บ๏ม๚ยํปข+ส๓
2004/8/5,39,8,27,45,13,40,49,ยํลฃยํส๓บ๏ษ฿+บ๏
2004/8/7,16,39,27,8,48,40,14,ษ฿ยํยํลฃผฆษ฿+ั๒
2004/8/10,17,27,47,45,44,16,49,ม๚ยํนทส๓ลฃษ฿+บ๏
2004/8/12,21,48,34,19,49,22,42,ส๓ผฆึํปขบ๏ึํ+อร
2004/8/14,30,1,22,16,34,5,39,อรบ๏ึํษ฿ึํม๚+ยํ
2004/8/17,30,27,39,40,42,29,47,อรยํยํษ฿อรม๚+นท
2004/8/19,19,24,36,44,12,27,29,ปขผฆผฆลฃผฆยํ+ม๚
2004/8/21,36,28,37,26,14,23,40,ผฆษ฿บ๏ั๒ั๒นท+ษ฿
2004/8/24,14,10,36,17,45,30,47,ั๒ึํผฆม๚ส๓อร+นท
2004/8/26,36,9,19,2,37,30,41,ผฆส๓ปขั๒บ๏อร+ม๚
2004/8/28,42,48,1,33,44,30,49,อรผฆบ๏ส๓ลฃอร+บ๏
2004/8/31,27,16,23,18,17,5,10,ยํษ฿นทอรม๚ม๚+ึํ
2004/9/2,11,1,45,5,32,22,28,นทบ๏ส๓ม๚ลฃึํ+ษ฿
2004/9/4,28,37,21,18,15,17,40,ษ฿บ๏ส๓อรยํม๚+ษ฿
2004/9/7,3,16,4,45,32,19,14,ยํษ฿ษ฿ส๓ลฃปข+ั๒
2004/9/10,23,38,47,27,20,40,33,นทั๒นทยํลฃษ฿+ส๓
2004/9/14,7,21,30,36,10,3,14,ปขส๓อรผฆึํยํ+ั๒
2004/9/16,11,18,42,12,20,27,16,นทอรอรผฆลฃยํ+ษ฿
2004/9/18,30,38,41,24,7,20,19,อรั๒ม๚ผฆปขลฃ+ปข
2004/9/21,42,1,33,30,35,3,12,อรบ๏ส๓อรนทยํ+ผฆ
2004/9/24,17,42,30,11,46,14,29,ม๚อรอรนทึํั๒+ม๚
2004/9/26,17,15,40,41,7,28,10,ม๚ยํษ฿ม๚ปขษ฿+ึํ
2004/9/28,49,39,36,28,22,31,32,บ๏ยํผฆษ฿ึํปข+ลฃ
2004/9/30,20,14,23,12,28,13,22,ลฃั๒นทผฆษ฿บ๏+ึํ
2004/10/2,13,15,43,3,39,44,31,บ๏ยํปขยํยํลฃ+ปข
2004/10/5,12,22,14,46,48,4,23,ผฆึํั๒ึํผฆษ฿+นท
2004/10/7,43,18,19,45,48,33,11,ปขอรปขส๓ผฆส๓+นท
2004/10/10,39,16,32,26,4,24,6,ยํษ฿ลฃั๒ษ฿ผฆ+อร
2004/10/12,20,37,6,35,4,39,41,ลฃบ๏อรนทษ฿ยํ+ม๚
2004/10/14,27,29,17,34,7,30,36,ยํม๚ม๚ึํปขอร+ผฆ
2004/10/16,43,44,7,12,33,20,38,ปขลฃปขผฆส๓ลฃ+ั๒
2004/10/19,21,41,5,17,31,27,6,ส๓ม๚ม๚ม๚ปขยํ+อร
2004/10/21,30,27,48,31,12,34,17,อรยํผฆปขผฆึํ+ม๚
2004/10/24,26,25,33,15,11,24,42,ั๒บ๏ส๓ยํนทผฆ+อร
2004/10/26,30,44,45,43,6,24,11,อรลฃส๓ปขอรผฆ+นท
2004/10/28,26,1,49,27,12,36,21,ั๒บ๏บ๏ยํผฆผฆ+ส๓
2004/10/31,37,21,23,30,33,14,10,บ๏ส๓นทอรส๓ั๒+ึํ
2004/11/4,25,7,19,45,42,18,41,บ๏ปขปขส๓อรอร+ม๚
2004/11/7,13,42,38,17,2,33,5,บ๏อรั๒ม๚ั๒ส๓+ม๚
2004/11/9,21,31,30,12,2,5,6,ส๓ปขอรผฆั๒ม๚+อร
2004/11/11,33,7,13,12,16,9,37,ส๓ปขบ๏ผฆษ฿ส๓+บ๏
2004/11/13,9,49,7,39,38,22,48,ส๓บ๏ปขยํั๒ึํ+ผฆ
2004/11/16,41,23,15,7,30,34,10,ม๚นทยํปขอรึํ+ึํ
2004/11/18,26,28,3,11,13,12,31,ั๒ษ฿ยํนทบ๏ผฆ+ปข
2004/11/20,43,6,30,40,26,34,3,ปขอรอรษ฿ั๒ึํ+ยํ
2004/11/23,10,25,16,21,38,15,24,ึํบ๏ษ฿ส๓ั๒ยํ+ผฆ
2004/11/25,19,49,21,17,40,35,42,ปขบ๏ส๓ม๚ษ฿นท+อร
2004/11/27,28,34,44,9,21,30,10,ษ฿ึํลฃส๓ส๓อร+ึํ
2004/11/30,42,8,21,31,38,29,23,อรลฃส๓ปขั๒ม๚+นท
2004/12/2,3,10,36,9,27,31,26,ยํึํผฆส๓ยํปข+ั๒
2004/12/5,24,10,46,6,31,13,25,ผฆึํึํอรปขบ๏+บ๏
2004/12/7,25,48,16,44,42,26,20,บ๏ผฆษ฿ลฃอรั๒+ลฃ
2004/12/9,28,46,4,36,49,43,40,ษ฿ึํษ฿ผฆบ๏ปข+ษ฿
2004/12/11,37,36,31,3,9,45,19,บ๏ผฆปขยํส๓ส๓+ปข
2005/1/2,11,39,36,43,18,32,34,นทยํผฆปขอรลฃ+ึํ
2005/1/4,8,6,20,4,5,38,35,ลฃอรลฃษ฿ม๚ั๒+นท
2005/1/6,3,42,10,6,40,14,15,ยํอรึํอรษ฿ั๒+ยํ
2005/1/9,49,42,30,38,10,45,27,บ๏อรอรั๒ึํส๓+ยํ
2005/1/11,35,5,11,25,40,6,44,นทม๚นทบ๏ษ฿อร+ลฃ
2005/1/13,46,42,27,30,16,24,17,ึํอรยํอรษ฿ผฆ+ม๚
2005/1/15,49,14,10,25,16,9,23,บ๏ั๒ึํบ๏ษ฿ส๓+นท
2005/1/18,13,5,26,21,18,20,11,บ๏ม๚ั๒ส๓อรลฃ+นท
2005/1/20,9,28,21,46,33,13,6,ส๓ษ฿ส๓ึํส๓บ๏+อร
2005/1/22,13,7,35,5,46,19,24,บ๏ปขนทม๚ึํปข+ผฆ
2005/1/25,20,34,37,48,31,15,4,ลฃึํบ๏ผฆปขยํ+ษ฿
2005/1/27,35,6,26,3,15,7,40,นทอรั๒ยํยํปข+ษ฿
2005/1/29,9,28,18,33,19,2,35,ส๓ษ฿อรส๓ปขั๒+นท
2005/2/1,44,18,23,9,33,49,29,ลฃอรนทส๓ส๓บ๏+ม๚
2005/2/4,20,33,19,48,37,2,10,ลฃส๓ปขผฆบ๏ั๒+ึํ
2005/2/7,9,36,21,43,38,49,23,ส๓ผฆส๓ปขั๒บ๏+นท
2005/2/10,41,8,21,20,2,40,24,ษ฿ปขลฃปขบ๏ยํ+นท
2005/2/12,25,13,19,32,11,16,26,ผฆผฆอรปขึํยํ+บ๏
2005/2/15,27,28,8,5,33,46,2,ั๒ยํปขษ฿ลฃส๓+บ๏
2005/2/17,8,13,16,47,45,42,33,ปขผฆยํึํลฃม๚+ลฃ
2005/2/19,49,28,42,45,2,18,17,ผฆยํม๚ลฃบ๏ม๚+ษ฿
2005/2/22,41,2,16,20,32,35,24,ษ฿บ๏ยํปขปขึํ+นท
2005/2/24,25,6,41,22,39,49,13,ผฆม๚ษ฿ส๓ั๒ผฆ+ผฆ
2005/2/26,36,42,44,41,16,1,18,นทม๚ปขษ฿ยํผฆ+ม๚
2005/3/1,25,3,33,35,12,7,30,ผฆั๒ลฃึํนทอร+ม๚
2005/3/3,43,25,40,31,5,2,22,อรผฆยํอรษ฿บ๏+ส๓
2005/3/6,35,16,2,10,37,45,26,ึํยํบ๏ส๓ผฆลฃ+บ๏
2005/3/8,48,17,4,8,47,39,1,นทษ฿ยํปขึํั๒+ผฆ
2005/3/10,49,24,8,42,3,7,37,ผฆนทปขม๚ั๒อร+ผฆ
2005/3/12,11,31,28,6,3,8,19,ึํอรยํม๚ั๒ปข+อร
2005/3/15,44,49,27,45,2,6,23,ปขผฆั๒ลฃบ๏ม๚+ึํ
2005/3/18,48,44,25,30,22,2,46,นทปขผฆม๚ส๓บ๏+ส๓
2005/3/20,1,36,21,9,47,35,33,ผฆนทลฃลฃึํึํ+ลฃ
2005/3/22,9,24,2,13,10,15,19,ลฃนทบ๏ผฆส๓ั๒+อร
2005/3/24,22,24,25,10,13,2,5,ส๓นทผฆส๓ผฆบ๏+ษ฿
2005/3/27,2,37,14,10,29,5,3,บ๏ผฆบ๏ส๓ษ฿ษ฿+ั๒
2005/3/29,9,47,21,6,46,13,12,ลฃึํลฃม๚ส๓ผฆ+นท
2005/3/31,43,12,38,14,2,39,48,อรนทบ๏บ๏บ๏ั๒+นท
2005/4/2,43,31,17,22,12,11,45,อรอรษ฿ส๓นทึํ+ลฃ
2005/4/5,15,25,29,10,37,34,13,ั๒ผฆษ฿ส๓ผฆส๓+ผฆ
2005/4/7,1,49,5,25,35,24,14,ผฆผฆษ฿ผฆึํนท+บ๏
2005/4/10,14,3,40,49,46,5,6,บ๏ั๒ยํผฆส๓ษ฿+ม๚
2005/4/12,22,10,36,23,28,9,49,ส๓ส๓นทึํยํลฃ+ผฆ
2005/4/14,45,12,17,47,43,33,10,ลฃนทษ฿ึํอรลฃ+ส๓
2005/4/17,15,42,49,29,19,11,5,ั๒ม๚ผฆษ฿อรึํ+ษ฿
2005/4/19,9,33,35,22,4,30,13,ลฃลฃึํส๓ยํม๚+ผฆ
2005/4/21,13,2,38,17,3,14,31,ผฆบ๏บ๏ษ฿ั๒บ๏+อร
2005/4/23,45,3,27,38,31,9,34,ลฃั๒ั๒บ๏อรลฃ+ส๓
2005/4/26,13,39,30,47,36,12,8,ผฆั๒ม๚ึํนทนท+ปข
2005/4/28,8,22,2,38,40,36,5,ปขส๓บ๏บ๏ยํนท+ษ฿
2005/4/30,37,36,21,13,30,16,2,ผฆนทลฃผฆม๚ยํ+บ๏
2005/5/3,25,16,8,33,37,2,1,ผฆยํปขลฃผฆบ๏+ผฆ
2005/5/5,22,20,21,9,30,48,6,ส๓ปขลฃลฃม๚นท+ม๚
2005/5/8,49,10,9,7,21,39,41,ผฆส๓ลฃอรลฃั๒+ษ฿
2005/5/10,11,36,20,14,41,4,15,ึํนทปขบ๏ษ฿ยํ+ั๒
2005/5/12,38,2,35,14,23,16,47,บ๏บ๏ึํบ๏ึํยํ+ึํ
2005/5/15,12,7,45,33,44,18,32,นทอรลฃลฃปขม๚+ปข
2005/5/17,39,14,17,42,32,3,8,ั๒บ๏ษ฿ม๚ปขั๒+ปข
2005/5/19,31,16,47,18,34,23,38,อรยํึํม๚ส๓ึํ+บ๏
2005/5/22,16,21,6,10,20,5,19,ยํลฃม๚ส๓ปขษ฿+อร
2005/5/24,22,11,42,23,1,18,10,ส๓ึํม๚ึํผฆม๚+ส๓
2005/5/26,45,33,49,43,12,39,10,ลฃลฃผฆอรนทั๒+ส๓
2005/5/28,46,23,28,17,26,22,2,ส๓ึํยํษ฿บ๏ส๓+บ๏
2005/5/31,43,16,24,17,19,11,13,อรยํนทษ฿อรึํ+ผฆ
2005/6/2,43,39,20,33,17,4,26,อรั๒ปขลฃษ฿ยํ+บ๏
2005/6/4,40,4,39,20,32,42,33,ยํยํั๒ปขปขม๚+ลฃ
2005/6/7,41,26,48,11,18,10,27,ษ฿บ๏นทึํม๚ส๓+ั๒
2005/6/9,3,13,37,27,36,29,24,ั๒ผฆผฆั๒นทษ฿+นท
2005/6/11,29,40,48,18,11,22,44,ษ฿ยํนทม๚ึํส๓+ปข
2005/6/14,22,18,7,2,48,5,11,ส๓ม๚อรบ๏นทษ฿+ึํ
2005/6/16,36,35,5,44,7,15,4,นทึํษ฿ปขอรั๒+ยํ
2005/6/19,6,47,15,25,26,18,27,ม๚ึํั๒ผฆบ๏ม๚+ั๒
2005/6/21,11,32,22,31,29,42,3,ึํปขส๓อรษ฿ม๚+ั๒
2005/6/23,38,2,21,44,48,29,10,บ๏บ๏ลฃปขนทษ฿+ส๓
2005/6/25,38,40,15,49,33,25,21,บ๏ยํั๒ผฆลฃผฆ+ลฃ
2005/6/28,1,32,25,46,23,30,42,ผฆปขผฆส๓ึํม๚+ม๚
2005/6/30,22,27,36,4,32,16,17,ส๓ั๒นทยํปขยํ+ษ฿
2005/7/2,43,23,32,45,2,4,42,อรึํปขลฃบ๏ยํ+ม๚
2005/7/5,43,41,9,6,13,21,45,อรษ฿ลฃม๚ผฆลฃ+ลฃ
2005/7/7,30,31,4,22,34,24,17,ม๚อรยํส๓ส๓นท+ษ฿
2005/7/9,39,23,6,21,16,10,5,ั๒ึํม๚ลฃยํส๓+ษ฿
2005/7/12,22,7,34,6,30,18,2,ส๓อรส๓ม๚ม๚ม๚+บ๏
2005/7/14,34,17,49,48,10,18,29,ส๓ษ฿ผฆนทส๓ม๚+ษ฿
2005/7/16,49,5,6,35,39,17,44,ผฆษ฿ม๚ึํั๒ษ฿+ปข
2005/7/19,42,31,14,30,26,5,4,ม๚อรบ๏ม๚บ๏ษ฿+ยํ
2005/7/21,15,13,29,8,48,28,3,ั๒ผฆษ฿ปขนทยํ+ั๒
2005/7/23,15,7,22,8,35,49,17,ั๒อรส๓ปขึํผฆ+ษ฿
2005/7/26,25,14,6,27,12,30,8,ผฆบ๏ม๚ั๒นทม๚+ปข
2005/7/29,43,39,42,49,35,25,5,อรั๒ม๚ผฆึํผฆ+ษ฿
2005/7/31,46,14,13,33,5,45,25,ส๓บ๏ผฆลฃษ฿ลฃ+ผฆ
2005/8/2,33,25,42,36,21,48,13,ลฃผฆม๚นทลฃนท+ผฆ
2005/8/4,27,19,47,38,7,1,3,ั๒อรึํบ๏อรผฆ+ั๒
2005/8/6,33,21,5,44,34,45,40,ลฃลฃษ฿ปขส๓ลฃ+ยํ
2005/8/9,22,38,9,35,13,39,4,ส๓บ๏ลฃึํผฆั๒+ยํ
2005/8/11,38,11,9,23,29,33,6,บ๏ึํลฃึํษ฿ลฃ+ม๚
2005/8/13,32,49,13,9,38,48,41,ปขผฆผฆลฃบ๏นท+ษ฿
2005/8/16,27,21,37,1,48,11,18,ั๒ลฃผฆผฆนทึํ+ม๚
2005/8/18,39,19,24,41,49,2,21,ั๒อรนทษ฿ผฆบ๏+ลฃ
2005/8/20,17,22,8,29,3,13,18,ษ฿ส๓ปขษ฿ั๒ผฆ+ม๚
2005/8/23,26,1,36,47,14,3,42,บ๏ผฆนทึํบ๏ั๒+ม๚
2005/8/25,39,29,5,20,25,13,35,ั๒ษ฿ษ฿ปขผฆผฆ+ึํ
2005/8/27,3,37,20,23,1,33,14,ั๒ผฆปขึํผฆลฃ+บ๏
2005/8/30,17,4,26,46,40,9,18,ษ฿ยํบ๏ส๓ยํลฃ+ม๚
2005/9/1,19,24,48,4,21,14,10,อรนทนทยํลฃบ๏+ส๓
2005/9/3,18,48,34,11,35,7,42,ม๚นทส๓ึํึํอร+ม๚
2005/9/6,39,15,9,41,23,20,44,ั๒ั๒ลฃษ฿ึํปข+ปข
2005/9/8,10,13,8,48,31,14,47,ส๓ผฆปขนทอรบ๏+ึํ
2005/9/10,4,1,33,40,19,34,25,ยํผฆลฃยํอรส๓+ผฆ
2005/9/13,41,46,39,29,26,16,34,ษ฿ส๓ั๒ษ฿บ๏ยํ+ส๓
2005/9/16,28,24,42,33,22,34,48,ยํนทม๚ลฃส๓ส๓+นท
2005/9/18,14,5,27,3,8,35,9,บ๏ษ฿ั๒ั๒ปขึํ+ลฃ
2005/9/20,21,4,5,47,37,26,7,ลฃยํษ฿ึํผฆบ๏+อร
2005/9/22,4,19,12,2,13,42,39,ยํอรนทบ๏ผฆม๚+ั๒
2005/9/25,26,14,19,6,1,30,17,บ๏บ๏อรม๚ผฆม๚+ษ฿
2005/9/27,17,35,43,28,1,20,18,ษ฿ึํอรยํผฆปข+ม๚
2005/9/30,24,25,14,35,11,20,33,นทผฆบ๏ึํึํปข+ลฃ
2005/10/4,2,16,36,25,9,38,14,บ๏ยํนทผฆลฃบ๏+บ๏
2005/10/6,27,29,45,26,23,30,18,ั๒ษ฿ลฃบ๏ึํม๚+ม๚
2005/10/8,48,15,25,11,9,44,27,นทั๒ผฆึํลฃปข+ั๒
2005/10/11,9,29,48,16,8,24,5,ลฃษ฿นทยํปขนท+ษ฿
2005/10/13,24,34,35,38,47,41,45,นทส๓ึํบ๏ึํษ฿+ลฃ
2005/10/15,17,14,3,47,46,41,20,ษ฿บ๏ั๒ึํส๓ษ฿+ปข
2005/10/18,20,15,42,14,18,38,35,ปขั๒ม๚บ๏ม๚บ๏+ึํ
2005/10/20,44,43,30,22,6,10,29,ปขอรม๚ส๓ม๚ส๓+ษ฿
2005/10/23,30,9,31,25,35,37,1,ม๚ลฃอรผฆึํผฆ+ผฆ
2005/10/25,12,26,3,39,30,41,25,นทบ๏ั๒ั๒ม๚ษ฿+ผฆ
2005/10/27,19,13,5,40,2,49,7,อรผฆษ฿ยํบ๏ผฆ+อร
2005/10/29,11,8,37,31,10,24,38,ึํปขผฆอรส๓นท+บ๏
2005/10/31,34,41,2,18,37,30,28,ส๓ษ฿บ๏ม๚ผฆม๚+ยํ
2005/11/3,34,3,10,1,31,35,27,ส๓ั๒ส๓ผฆอรึํ+ั๒
2005/11/6,11,20,38,49,3,13,19,ึํปขบ๏ผฆั๒ผฆ+อร
2005/11/8,49,48,3,35,13,10,33,ผฆนทั๒ึํผฆส๓+ลฃ
2005/11/10,48,12,7,37,41,8,40,นทนทอรผฆษ฿ปข+ยํ
2005/11/12,22,24,21,40,1,13,27,ส๓นทลฃยํผฆผฆ+ั๒
2005/11/15,26,30,23,24,47,49,43,บ๏ม๚ึํนทึํผฆ+อร
2005/11/17,15,10,9,4,49,14,5,ั๒ส๓ลฃยํผฆบ๏+ษ฿
2005/11/19,15,46,2,3,32,30,23,ั๒ส๓บ๏ั๒ปขม๚+ึํ
2005/11/22,12,31,23,25,45,44,3,นทอรึํผฆลฃปข+ั๒
2005/11/24,5,8,13,43,4,1,22,ษ฿ปขผฆอรยํผฆ+ส๓
2005/11/26,38,3,45,37,25,16,18,บ๏ั๒ลฃผฆผฆยํ+ม๚
2005/11/29,24,45,26,18,44,13,27,นทลฃบ๏ม๚ปขผฆ+ั๒
2005/12/1,47,33,41,38,32,10,6,ึํลฃษ฿บ๏ปขส๓+ม๚
2005/12/4,37,27,32,9,10,45,4,ผฆั๒ปขลฃส๓ลฃ+ยํ
2005/12/6,15,7,3,2,14,1,11,ั๒อรั๒บ๏บ๏ผฆ+ึํ
2005/12/8,3,36,31,16,42,9,20,ั๒นทอรยํม๚ลฃ+ปข
2005/12/10,2,35,22,32,9,41,20,บ๏ึํส๓ปขลฃษ฿+ปข
2005/12/13,6,1,33,22,47,14,9,ม๚ผฆลฃส๓ึํบ๏+ลฃ
2005/12/15,43,27,19,14,12,34,24,อรั๒อรบ๏นทส๓+นท
2005/12/18,15,40,4,22,1,44,2,ั๒ยํยํส๓ผฆปข+บ๏
2005/12/20,16,20,30,9,19,43,44,ยํปขม๚ลฃอรอร+ปข
2005/12/22,42,24,8,19,23,18,32,ม๚นทปขอรึํม๚+ปข
2005/12/24,10,22,36,20,6,19,3,ส๓ส๓นทปขม๚อร+ั๒
2005/12/27,9,4,43,18,17,31,19,ลฃยํอรม๚ษ฿อร+อร
2005/12/29,21,22,11,24,41,9,33,ลฃส๓ึํนทษ฿ลฃ+ลฃ
2005/12/31,11,7,31,43,40,2,36,ึํอรอรอรยํบ๏+นท
2006/1/3,25,17,38,26,23,24,47,ผฆษ฿บ๏บ๏ึํนท+ึํ
2006/1/5,10,22,46,44,5,38,13,ส๓ส๓ส๓ปขษ฿บ๏+ผฆ
2006/1/8,38,26,28,42,10,1,43,บ๏บ๏ยํม๚ส๓ผฆ+อร
2006/1/10,38,39,21,25,36,5,4,บ๏ั๒ลฃผฆนทษ฿+ยํ
2006/1/12,15,37,36,24,27,25,35,ั๒ผฆนทนทั๒ผฆ+ึํ
2006/1/14,19,34,1,12,29,32,46,อรส๓ผฆนทษ฿ปข+ส๓
2006/1/17,13,47,11,25,29,38,12,ผฆึํึํผฆษ฿บ๏+นท
2006/1/19,28,24,26,44,31,47,17,ยํนทบ๏ปขอรึํ+ษ฿
2006/1/21,20,1,7,45,40,34,22,ปขผฆอรลฃยํส๓+ส๓
2006/1/24,28,35,6,33,31,14,26,ยํึํม๚ลฃอรบ๏+บ๏
2006/1/26,18,22,27,28,43,23,35,ม๚ส๓ั๒ยํอรึํ+ึํ
2006/1/28,41,27,30,16,22,39,40,ษ฿ั๒ม๚ยํส๓ั๒+ยํ
2006/1/30,21,48,35,9,33,22,43,ปขึํส๓ปขปขลฃ+ม๚
2006/2/2,37,20,4,23,5,3,38,นทอรั๒ส๓ยํบ๏+ผฆ
2006/2/4,41,39,40,34,45,19,23,ยํบ๏ั๒ลฃปขม๚+ส๓
2006/2/7,5,40,41,24,15,12,44,ยํั๒ยํึํบ๏ึํ+อร
2006/2/9,3,6,13,29,39,49,9,บ๏ษ฿นทยํบ๏นท+ปข
2006/2/12,12,26,15,41,45,30,4,ึํผฆบ๏ยํปขษ฿+ั๒
2006/2/14,43,7,34,32,42,22,6,ม๚ม๚ลฃอรษ฿ลฃ+ษ฿
2006/2/16,34,22,3,16,12,29,30,ลฃลฃบ๏ั๒ึํยํ+ษ฿
2006/2/18,14,46,12,28,42,10,37,ผฆลฃึํั๒ษ฿ลฃ+นท
2006/2/21,31,36,24,7,49,15,40,ม๚ึํึํม๚นทบ๏+ั๒
2006/2/23,18,31,35,40,43,39,10,ษ฿ม๚ส๓ั๒ม๚บ๏+ลฃ
2006/2/25,34,18,37,22,13,31,19,ลฃษ฿นทลฃนทม๚+ม๚
2006/2/28,40,23,10,25,27,14,37,ั๒ส๓ลฃนทบ๏ผฆ+นท
2006/3/2,5,14,22,43,29,1,20,ยํผฆลฃม๚ยํนท+อร
2006/3/5,22,1,7,15,14,45,24,ลฃนทม๚บ๏ผฆปข+ึํ
2006/3/7,30,49,11,42,48,2,36,ษ฿นทส๓ษ฿ึํผฆ+ึํ
2006/3/9,40,20,30,9,19,39,10,ั๒อรษ฿ปขม๚บ๏+ลฃ
2006/3/11,1,14,19,30,21,13,40,นทผฆม๚ษ฿ปขนท+ั๒
2006/3/14,12,39,48,7,13,25,9,ึํบ๏ึํม๚นทนท+ปข
2006/3/16,33,42,4,37,49,27,36,ปขษ฿ั๒นทนทบ๏+ึํ
2006/3/18,1,30,43,6,33,13,9,นทษ฿ม๚ษ฿ปขนท+ปข
2006/3/21,16,4,23,22,43,8,18,ั๒ั๒ส๓ลฃม๚อร+ษ฿
2006/3/23,26,7,20,3,18,32,10,ผฆม๚อรบ๏ษ฿อร+ลฃ
2006/3/25,36,43,42,32,45,26,44,ึํม๚ษ฿อรปขผฆ+อร
2006/3/28,21,15,3,28,10,1,37,ปขบ๏บ๏ั๒ลฃนท+นท
2006/3/30,2,12,33,19,17,30,23,ผฆึํปขม๚ยํษ฿+ส๓
2006/4/2,12,29,39,8,25,45,44,ึํยํบ๏อรนทปข+อร
2006/4/4,11,43,14,7,35,38,26,ส๓ม๚ผฆม๚ส๓ผฆ+ผฆ
2006/4/7,29,35,11,10,16,30,28,ยํส๓ส๓ลฃั๒ษ฿+ั๒
2006/4/9,47,18,45,44,34,28,8,ส๓ษ฿ปขอรลฃั๒+อร
2006/4/11,41,5,26,21,30,36,17,ยํยํผฆปขษ฿ึํ+ยํ
2006/4/13,32,13,28,39,49,44,48,อรนทั๒บ๏นทอร+ึํ
2006/4/16,22,20,29,38,11,9,37,ลฃอรยํผฆส๓ปข+นท
2006/4/18,28,27,44,38,14,11,12,ั๒บ๏อรผฆผฆส๓+ึํ
2006/4/20,2,16,9,12,37,40,19,ผฆั๒ปขึํนทั๒+ม๚
2006/4/22,28,42,46,8,6,11,31,ั๒ษ฿ลฃอรษ฿ส๓+ม๚
2006/4/25,2,32,24,29,26,33,6,ผฆอรึํยํผฆปข+ษ฿
2006/4/27,7,34,37,1,8,30,41,ม๚ลฃนทนทอรษ฿+ยํ
2006/4/29,24,10,6,19,28,47,22,ึํลฃษ฿ม๚ั๒ส๓+ลฃ
2006/5/2,27,33,45,3,13,18,29,บ๏ปขปขบ๏นทษ฿+ยํ
2006/5/4,48,46,3,32,2,47,35,ึํลฃบ๏อรผฆส๓+ส๓
2006/5/6,32,17,23,31,5,28,18,อรยํส๓ม๚ยํั๒+ษ฿
2006/5/9,26,18,43,24,25,22,23,ผฆษ฿ม๚ึํนทลฃ+ส๓
2006/5/11,29,7,12,15,27,49,36,ยํม๚ึํบ๏บ๏นท+ึํ
2006/5/14,1,23,14,45,7,48,43,นทส๓ผฆปขม๚ึํ+ม๚
2006/5/16,35,26,23,36,39,43,5,ส๓ผฆส๓ึํบ๏ม๚+ยํ
2006/5/18,40,11,31,23,33,32,49,ั๒ส๓ม๚ส๓ปขอร+นท
2006/5/20,15,38,20,46,41,44,34,บ๏ผฆอรลฃยํอร+ลฃ
2006/5/23,47,14,1,45,28,41,29,ส๓ผฆนทปขั๒ยํ+ยํ
2006/5/25,29,40,38,9,39,27,47,ยํั๒ผฆปขบ๏บ๏+ส๓
2006/5/27,35,1,22,34,36,47,7,ส๓นทลฃลฃึํส๓+ม๚
2006/5/30,10,33,16,30,21,48,19,ลฃปขั๒ษ฿ปขึํ+ม๚
2006/6/1,35,24,44,17,46,12,10,ส๓ึํอรยํลฃึํ+ลฃ
2006/6/3,36,9,29,16,5,47,17,ึํปขยํั๒ยํส๓+ยํ
2006/6/6,49,2,31,9,42,29,5,นทผฆม๚ปขษ฿ยํ+ยํ
2006/6/8,41,46,34,17,36,48,26,ยํลฃลฃยํึํึํ+ผฆ
2006/6/11,40,3,5,7,45,18,15,ั๒บ๏ยํม๚ปขษ฿+บ๏
2006/6/13,45,2,6,33,17,42,13,ปขผฆษ฿ปขยํษ฿+นท
2006/6/15,15,16,24,4,45,22,2,บ๏ั๒ึํั๒ปขลฃ+ผฆ
2006/6/18,7,6,5,35,27,18,19,ม๚ษ฿ยํส๓บ๏ษ฿+ม๚
2006/6/20,4,40,17,42,39,5,3,ั๒ั๒ยํษ฿บ๏ยํ+บ๏
2006/6/22,4,36,5,49,33,48,2,ั๒ึํยํนทปขึํ+ผฆ
2006/6/24,18,33,36,21,32,37,6,ษ฿ปขึํปขอรนท+ษ฿
2006/6/27,49,27,12,21,26,10,14,นทบ๏ึํปขผฆลฃ+ผฆ
2006/6/29,17,36,19,2,3,13,47,ยํึํม๚ผฆบ๏นท+ส๓
2006/7/1,4,30,47,48,13,42,40,ั๒ษ฿ส๓ึํนทษ฿+ั๒
2006/7/4,19,1,4,5,14,13,18,ม๚นทั๒ยํผฆนท+ษ฿
2006/7/6,7,1,16,49,21,9,12,ม๚นทั๒นทปขปข+ึํ
2006/7/8,33,6,30,10,2,13,40,ปขษ฿ษ฿ลฃผฆนท+ั๒
2006/7/11,34,45,30,42,1,46,8,ลฃปขษ฿ษ฿นทลฃ+อร
2006/7/13,34,10,1,36,8,9,17,ลฃลฃนทึํอรปข+ยํ
2006/7/15,23,20,9,34,35,45,15,ส๓อรปขลฃส๓ปข+บ๏
2006/7/18,27,22,39,13,10,32,43,บ๏ลฃบ๏นทลฃอร+ม๚
2006/7/20,33,15,6,13,30,26,16,ปขบ๏ษ฿นทษ฿ผฆ+ั๒
2006/7/22,2,16,24,6,23,20,19,ผฆั๒ึํษ฿ส๓อร+ม๚
2006/7/25,34,16,10,38,41,23,5,ลฃั๒ลฃผฆยํส๓+ยํ
2006/7/27,47,1,43,19,31,21,18,ส๓นทม๚ม๚ม๚ปข+ษ฿
2006/7/29,2,29,35,34,23,37,41,ผฆยํส๓ลฃส๓นท+ยํ
2006/8/1,7,10,46,34,20,30,19,ม๚ลฃลฃลฃอรษ฿+ม๚
2006/8/3,45,10,9,19,16,32,18,ปขลฃปขม๚ั๒อร+ษ฿
2006/8/5,14,16,1,45,11,8,41,ผฆั๒นทปขส๓อร+ยํ
2006/8/8,20,10,24,32,49,28,9,อรลฃึํอรนทั๒+ปข
2006/8/10,12,18,15,35,23,38,33,ึํษ฿บ๏ส๓ส๓ผฆ+ปข
2006/8/12,18,28,26,2,43,13,41,ษ฿ั๒ผฆผฆม๚นท+ยํ
2006/8/15,30,47,18,8,21,23,10,ษ฿ส๓ษ฿อรปขส๓+ลฃ
2006/8/17,37,27,17,38,10,19,26,นทบ๏ยํผฆลฃม๚+ผฆ
2006/8/19,27,43,3,45,25,28,42,บ๏ม๚บ๏ปขนทั๒+ษ฿
2006/8/22,49,48,8,18,22,34,33,นทึํอรษ฿ลฃลฃ+ปข
2006/8/24,40,45,21,14,3,11,8,ั๒ปขปขผฆบ๏ส๓+อร
2006/8/26,27,31,43,29,39,36,23,บ๏ม๚ม๚ยํบ๏ึํ+ส๓
2006/8/29,49,40,37,48,34,14,30,นทั๒นทึํลฃผฆ+ษ฿
2006/8/31,46,26,45,30,4,35,20,ลฃผฆปขษ฿ั๒ส๓+อร
2006/9/2,48,46,34,17,16,3,41,ึํลฃลฃยํั๒บ๏+ยํ
2006/9/5,22,8,48,4,14,41,39,ลฃอรึํั๒ผฆยํ+บ๏
2006/9/7,8,15,25,33,48,5,11,อรบ๏นทปขึํยํ+ส๓
2006/9/9,8,25,14,23,17,12,10,อรนทผฆส๓ยํึํ+ลฃ
2006/9/12,41,2,40,32,45,43,30,ยํผฆั๒อรปขม๚+ษ฿
2006/9/14,27,26,12,28,32,46,47,บ๏ผฆึํั๒อรลฃ+ส๓
2006/9/17,5,22,41,14,20,11,33,ยํลฃยํผฆอรส๓+ปข
2006/9/19,22,3,25,11,27,33,21,ลฃบ๏นทส๓บ๏ปข+ปข
2006/9/21,48,40,1,33,22,43,35,ึํั๒นทปขลฃม๚+ส๓
2006/9/23,37,40,13,3,20,34,11,นทั๒นทบ๏อรลฃ+ส๓
2006/9/26,32,15,18,43,7,9,8,อรบ๏ษ฿ม๚ม๚ปข+อร
2006/9/28,5,15,22,30,49,42,37,ยํบ๏ลฃษ฿นทษ฿+นท
2006/9/30,1,12,23,11,4,2,6,นทึํส๓ส๓ั๒ผฆ+ษ฿
2006/10/3,5,35,9,45,1,19,30,ยํส๓ปขปขนทม๚+ษ฿
2006/10/5,9,32,16,42,35,5,4,ปขอรั๒ษ฿ส๓ยํ+ั๒
2006/10/8,28,22,4,1,17,27,15,ั๒ลฃั๒นทยํบ๏+บ๏
2006/10/10,6,47,8,40,22,39,17,ษ฿ส๓อรั๒ลฃบ๏+ยํ
2006/10/12,22,9,10,26,38,5,39,ลฃปขลฃผฆผฆยํ+บ๏
2006/10/14,49,16,41,3,36,20,45,นทั๒ยํบ๏ึํอร+ปข
2006/10/17,5,33,36,22,40,29,32,ยํปขึํลฃั๒ยํ+อร
2006/10/19,11,29,44,15,9,35,18,ส๓ยํอรบ๏ปขส๓+ษ฿
2006/10/22,26,42,3,24,18,43,16,ผฆษ฿บ๏ึํษ฿ม๚+ั๒
2006/10/24,28,48,30,29,12,44,34,ั๒ึํษ฿ยํึํอร+ลฃ
2006/10/26,17,13,5,41,8,26,22,ยํนทยํยํอรผฆ+ลฃ
2006/10/28,28,44,33,42,7,35,41,ั๒อรปขษ฿ม๚ส๓+ยํ
2006/10/31,44,6,1,35,28,13,30,อรษ฿นทส๓ั๒นท+ษ฿
2006/11/2,39,5,28,7,35,36,31,บ๏ยํั๒ม๚ส๓ึํ+ม๚
2006/11/5,45,38,11,42,41,22,20,ปขผฆส๓ษ฿ยํลฃ+อร
2006/11/9,21,38,36,2,34,22,45,ปขผฆึํผฆลฃลฃ+ปข
2006/11/11,13,48,10,31,18,21,17,นทึํลฃม๚ษ฿ปข+ยํ
2006/11/14,8,36,20,49,14,34,46,อรึํอรนทผฆลฃ+ลฃ
2006/11/16,44,35,10,32,3,12,41,อรส๓ลฃอรบ๏ึํ+ยํ
2006/11/18,14,10,40,49,34,11,43,ผฆลฃั๒นทลฃส๓+ม๚
2006/11/21,35,3,26,7,31,16,18,ส๓บ๏ผฆม๚ม๚ั๒+ษ฿
2006/11/23,6,19,41,32,49,10,5,ษ฿ม๚ยํอรนทลฃ+ยํ
2006/11/25,35,36,7,18,30,49,29,ส๓ึํม๚ษ฿ษ฿นท+ยํ
2006/11/28,23,36,21,35,6,10,8,ส๓ึํปขส๓ษ฿ลฃ+อร
2006/11/30,9,27,31,35,8,5,15,ปขบ๏ม๚ส๓อรยํ+บ๏
2006/12/3,32,25,22,10,44,34,30,อรนทลฃลฃอรลฃ+ษ฿
2006/12/5,20,45,46,21,41,38,14,อรปขลฃปขยํผฆ+ผฆ
2006/12/7,5,10,40,8,27,34,47,ยํลฃั๒อรบ๏ลฃ+ส๓
2006/12/9,21,28,24,48,22,43,44,ปขั๒ึํึํลฃม๚+อร
2006/12/12,39,15,41,6,26,30,14,บ๏บ๏ยํษ฿ผฆษ฿+ผฆ
2006/12/14,37,47,15,14,29,2,45,นทส๓บ๏ผฆยํผฆ+ปข
2006/12/17,13,21,17,22,9,33,41,นทปขยํลฃปขปข+ยํ
2006/12/19,11,32,48,5,33,17,4,ส๓อรึํยํปขยํ+ั๒
2006/12/21,5,48,35,28,46,49,11,ยํึํส๓ั๒ลฃนท+ส๓
2006/12/24,31,34,16,39,42,29,41,ม๚ลฃั๒บ๏ษ฿ยํ+ยํ
2006/12/28,11,3,14,27,20,44,43,ส๓บ๏ผฆบ๏อรอร+ม๚
2006/12/30,7,30,21,6,5,40,42,ม๚ษ฿ปขษ฿ยํั๒+ษ฿
2007/1/2,12,6,14,32,30,38,41,ึํษ฿ผฆอรษ฿ผฆ+ยํ
2007/1/4,7,33,8,49,40,42,13,ม๚ปขอรนทั๒ษ฿+นท
2007/1/6,49,38,3,17,33,43,14,นทผฆบ๏ยํปขม๚+ผฆ
2007/1/9,19,11,34,14,16,43,48,ม๚ส๓ลฃผฆั๒ม๚+ึํ
2007/1/11,27,10,41,40,2,1,43,บ๏ลฃยํั๒ผฆนท+ม๚
2007/1/13,28,7,6,38,25,45,16,ั๒ม๚ษ฿ผฆนทปข+ั๒
2007/1/16,4,23,42,25,38,14,10,ั๒ส๓ษ฿นทผฆผฆ+ลฃ
2007/1/18,7,48,49,33,10,39,42,ม๚ึํนทปขลฃบ๏+ษ฿
2007/1/21,28,9,26,36,18,44,19,ั๒ปขผฆึํษ฿อร+ม๚
2007/1/23,25,19,35,6,32,31,15,นทม๚ส๓ษ฿อรม๚+บ๏
2007/1/25,6,5,24,23,38,48,30,ษ฿ยํึํส๓ผฆึํ+ษ฿
2007/1/27,25,36,39,11,26,41,16,นทึํบ๏ส๓ผฆยํ+ั๒
2007/1/30,11,12,24,14,18,9,38,ส๓ึํึํผฆษ฿ปข+ผฆ
2007/2/1,33,8,13,32,39,47,17,ปขอรนทอรบ๏ส๓+ยํ
2007/2/3,27,11,39,19,12,6,28,บ๏ส๓บ๏ม๚ึํษ฿+ั๒
2007/2/6,47,42,22,12,19,11,36,ส๓ษ฿ลฃึํม๚ส๓+ึํ
2007/2/8,44,27,26,37,24,9,3,อรบ๏ผฆนทึํปข+บ๏
2007/2/11,32,22,11,45,25,41,1,อรลฃส๓ปขนทยํ+นท
2007/2/13,3,13,21,22,14,32,7,บ๏นทปขลฃผฆอร+ม๚
2007/2/15,38,7,17,48,15,45,46,ผฆม๚ยํึํบ๏ปข+ลฃ
2007/2/17,33,28,9,42,16,17,29,ปขั๒ปขษ฿ั๒ยํ+ยํ
2007/2/19,37,35,4,18,47,17,32,ึํลฃบ๏ยํลฃั๒+ม๚
2007/2/22,18,39,32,8,11,2,46,ยํผฆม๚ม๚ลฃนท+ปข
2007/2/24,32,36,9,24,7,22,8,ม๚ส๓อรส๓ษ฿ปข+ม๚
2007/2/27,38,30,10,41,16,9,2,นทยํปขั๒บ๏อร+นท
2007/3/1,43,18,25,29,16,33,41,ษ฿ยํึํั๒บ๏อร+ั๒
2007/3/3,30,4,43,46,10,35,14,ยํบ๏ษ฿ปขปขลฃ+นท
2007/3/6,27,41,5,8,22,32,45,ผฆั๒ั๒ม๚ปขม๚+อร
2007/3/8,6,16,12,49,33,25,48,ยํบ๏ส๓ึํอรึํ+ส๓
2007/3/11,2,16,7,30,37,39,20,นทบ๏ษ฿ยํึํผฆ+ม๚
2007/3/13,4,1,39,46,12,35,14,บ๏ึํผฆปขส๓ลฃ+นท
2007/3/15,45,14,39,40,49,1,42,อรนทผฆบ๏ึํึํ+ยํ
2007/3/17,49,45,23,36,26,21,2,ึํอรลฃส๓นทอร+นท
2007/3/20,23,42,1,11,37,43,24,ลฃยํึํลฃึํษ฿+ส๓
2007/3/22,12,47,43,6,15,9,49,ส๓ลฃษ฿ยํผฆอร+ึํ
2007/3/24,12,5,22,6,40,2,24,ส๓ั๒ปขยํบ๏นท+ส๓
2007/3/27,32,12,24,46,36,21,13,ม๚ส๓ส๓ปขส๓อร+ึํ
2007/3/29,23,40,45,2,44,22,32,ลฃบ๏อรนทม๚ปข+ม๚
2007/4/1,16,17,38,28,21,45,10,บ๏ั๒นทบ๏อรอร+ปข
2007/4/3,22,48,9,30,42,41,49,ปขส๓อรยํยํั๒+ึํ
2007/4/5,13,40,33,35,48,39,27,ึํบ๏อรลฃส๓ผฆ+ผฆ
2007/4/7,5,36,41,23,8,7,24,ั๒ส๓ั๒ลฃม๚ษ฿+ส๓
2007/4/10,45,13,6,9,31,40,47,อรึํยํอรษ฿บ๏+ลฃ
2007/4/12,27,45,4,35,8,24,15,ผฆอรบ๏ลฃม๚ส๓+ผฆ
2007/4/15,14,19,44,11,35,49,10,นทษ฿ม๚ลฃลฃึํ+ปข
2007/4/17,43,40,49,45,20,2,38,ษ฿บ๏ึํอรม๚นท+นท
2007/4/19,7,48,29,15,9,32,38,ษ฿ส๓ั๒ผฆอรม๚+นท
2007/4/21,19,41,42,49,27,44,20,ษ฿ั๒ยํึํผฆม๚+ม๚
2007/4/24,7,19,4,14,6,37,9,ษ฿ษ฿บ๏นทยํึํ+อร
2007/4/26,35,17,24,22,40,37,11,ลฃั๒ส๓ปขบ๏ึํ+ลฃ
2007/4/30,44,38,27,11,10,18,37,ม๚นทผฆลฃปขยํ+ึํ
2007/5/3,32,3,17,47,44,46,33,ม๚ผฆั๒ลฃม๚ปข+อร
2007/5/5,20,11,45,7,49,9,42,ม๚ลฃอรษ฿ึํอร+ยํ
2007/5/8,11,46,30,23,20,48,22,ลฃปขยํลฃม๚ส๓+ปข
2007/5/10,4,6,41,14,46,12,15,บ๏ยํั๒นทปขส๓+ผฆ
2007/5/13,36,38,25,16,14,28,40,ส๓นทึํบ๏นทบ๏+บ๏
2007/5/15,36,43,33,42,12,30,15,ส๓ษ฿อรยํส๓ยํ+ผฆ
2007/5/17,5,27,4,37,14,39,35,ั๒ผฆบ๏ึํนทผฆ+ลฃ
2007/5/19,46,21,36,31,24,38,43,ปขอรส๓ษ฿ส๓นท+ษ฿
2007/5/22,38,20,40,23,28,21,13,นทม๚บ๏ลฃบ๏อร+ึํ
2007/5/26,29,23,36,26,24,41,12,ั๒ลฃส๓นทส๓ั๒+ส๓
2007/5/29,25,8,2,46,12,29,7,ึํม๚นทปขส๓ั๒+ษ฿
2007/5/31,1,25,38,7,20,4,17,ึํึํนทษ฿ม๚บ๏+ั๒
2007/6/2,26,16,42,46,20,27,32,นทบ๏ยํปขม๚ผฆ+ม๚
2007/6/5,11,22,37,5,9,21,32,ลฃปขึํั๒อรอร+ม๚
2007/6/7,1,4,47,44,15,34,7,ึํบ๏ลฃม๚ผฆปข+ษ฿
2007/6/10,48,6,9,1,37,36,13,ส๓ยํอรึํึํส๓+ึํ
2007/6/12,45,31,30,7,47,41,4,อรษ฿ยํษ฿ลฃั๒+บ๏
2007/6/14,19,41,21,29,33,3,46,ษ฿ั๒อรั๒อรผฆ+ปข
2007/6/16,28,3,15,37,18,19,30,บ๏ผฆผฆึํยํษ฿+ยํ
2007/6/19,8,11,12,20,32,4,47,ม๚ลฃส๓ม๚ม๚บ๏+ลฃ
2007/6/21,26,43,45,5,11,1,22,นทษ฿อรั๒ลฃึํ+ปข
2007/6/23,10,27,28,31,38,24,23,ปขผฆบ๏ษ฿นทส๓+ลฃ
2007/6/26,2,47,17,35,24,32,34,นทลฃั๒ลฃส๓ม๚+ปข
2007/6/28,46,41,38,4,40,15,33,ปขั๒นทบ๏บ๏ผฆ+อร
2007/6/30,18,44,4,37,1,10,20,ยํม๚บ๏ึํึํปข+ม๚
2007/7/3,48,22,45,16,35,36,32,ส๓ปขอรบ๏ลฃส๓+ม๚
2007/7/5,38,25,26,14,23,35,21,นทึํนทนทลฃลฃ+อร
2007/7/7,8,10,35,45,4,15,16,ม๚ปขลฃอรบ๏ผฆ+บ๏
2007/7/10,17,43,12,31,13,24,49,ั๒ษ฿ส๓ษ฿ึํส๓+ึํ
2007/7/12,6,16,18,22,17,49,33,ยํบ๏ยํปขั๒ึํ+อร
2007/7/14,45,24,30,49,19,10,34,อรส๓ยํึํษ฿ปข+ปข
2007/7/17,10,12,42,5,13,16,41,ปขส๓ยํั๒ึํบ๏+ั๒
2007/7/19,1,45,42,27,26,36,12,ึํอรยํผฆนทส๓+ส๓
2007/7/21,43,45,9,18,5,40,17,ษ฿อรอรยํั๒บ๏+ั๒
2007/7/24,41,49,30,16,26,36,13,ั๒ึํยํบ๏นทส๓+ึํ
2007/7/26,22,46,28,32,13,37,17,ปขปขบ๏ม๚ึํึํ+ั๒
2007/7/28,30,31,29,38,18,21,34,ยํษ฿ั๒นทยํอร+ปข
2007/7/31,48,21,3,47,43,4,7,ส๓อรผฆลฃษ฿บ๏+ษ฿
2007/8/2,29,40,8,22,35,41,6,ั๒บ๏ม๚ปขลฃั๒+ยํ
2007/8/7,48,45,14,26,1,32,46,ส๓อรนทนทึํม๚+ปข
2007/8/9,44,4,3,17,12,5,37,ม๚บ๏ผฆั๒ส๓ั๒+ึํ
2007/8/11,35,38,43,44,6,9,41,ลฃนทษ฿ม๚ยํอร+ั๒
2007/8/14,9,27,12,40,29,7,5,อรผฆส๓บ๏ั๒ษ฿+ั๒
2007/8/16,18,16,30,14,35,26,10,ยํบ๏ยํนทลฃนท+ปข
2007/8/18,18,22,35,14,40,31,46,ยํปขลฃนทบ๏ษ฿+ปข
2007/8/21,48,22,13,10,36,33,31,ส๓ปขึํปขส๓อร+ษ฿
2007/8/24,28,43,20,10,37,19,6,บ๏ษ฿ม๚ปขึํษ฿+ยํ
2007/8/26,42,6,44,23,20,45,13,ยํยํม๚ลฃม๚อร+ึํ
2007/8/28,4,43,37,20,27,9,7,บ๏ษ฿ึํม๚ผฆอร+ษ฿
2007/8/30,34,39,23,13,3,4,37,ปขผฆลฃึํผฆบ๏+ึํ
2007/9/1,2,44,16,39,38,6,15,นทม๚บ๏ผฆนทยํ+ผฆ
2007/9/4,38,49,45,6,28,44,34,นทึํอรยํบ๏ม๚+ปข
2007/9/6,4,44,12,35,40,18,38,บ๏ม๚ส๓ลฃบ๏ยํ+นท
2007/9/8,3,31,34,35,14,1,16,ผฆษ฿ปขลฃนทึํ+บ๏
2007/9/11,36,44,14,26,23,35,5,ส๓ม๚นทนทลฃลฃ+ั๒
2007/9/13,38,32,8,25,14,15,11,นทม๚ม๚ึํนทผฆ+ลฃ
2007/9/16,8,24,17,27,7,6,38,ม๚ส๓ั๒ผฆษ฿ยํ+นท
2007/9/18,41,10,37,43,12,24,17,ั๒ปขึํษ฿ส๓ส๓+ั๒
2007/9/20,41,40,11,13,6,28,49,ั๒บ๏ลฃึํยํบ๏+ึํ
2007/9/22,24,6,48,44,49,5,45,ส๓ยํส๓ม๚ึํั๒+อร
2007/9/25,8,25,24,34,2,16,40,ม๚ึํส๓ปขนทบ๏+บ๏
2007/9/27,45,9,6,34,23,17,2,อรอรยํปขลฃั๒+นท
2007/9/29,42,41,47,35,44,49,48,ยํั๒ลฃลฃม๚ึํ+ส๓
2007/10/2,30,37,21,43,34,10,17,ยํึํอรษ฿ปขปข+ั๒
2007/10/4,29,28,38,37,14,6,12,ั๒บ๏นทึํนทยํ+ส๓
2007/10/6,38,7,20,25,45,33,26,นทษ฿ม๚ึํอรอร+นท
2007/10/9,16,49,32,10,9,23,19,บ๏ึํม๚ปขอรลฃ+ษ฿
2007/10/11,42,12,23,26,19,33,27,ยํส๓ลฃนทษ฿อร+ผฆ
2007/10/13,27,25,24,23,45,43,11,ผฆึํส๓ลฃอรษ฿+ลฃ
2007/10/16,10,6,11,14,31,40,49,ปขยํลฃนทษ฿บ๏+ึํ
2007/10/18,39,37,47,1,48,2,34,ผฆึํลฃึํส๓นท+ปข
2007/10/20,19,14,42,18,4,30,34,ษ฿นทยํยํบ๏ยํ+ปข
2007/10/23,31,37,21,29,13,6,25,ษ฿ึํอรั๒ึํยํ+ึํ
2007/10/25,35,42,4,49,14,31,1,ลฃยํบ๏ึํนทษ฿+ึํ
2007/10/27,35,27,30,46,43,2,36,ลฃผฆยํปขษ฿นท+ส๓
2007/10/30,31,19,41,47,42,12,13,ษ฿ษ฿ั๒ลฃยํส๓+ึํ
2007/11/1,18,43,24,5,9,12,7,ยํษ฿ส๓ั๒อรส๓+ษ฿
2007/11/4,47,40,13,4,27,25,45,ลฃบ๏ึํบ๏ผฆึํ+อร
2007/11/8,30,37,14,28,6,18,21,ยํึํนทบ๏ยํยํ+อร
2007/11/10,15,8,41,1,43,6,2,ผฆม๚ั๒ึํษ฿ยํ+นท
2007/11/13,2,42,30,6,15,38,29,นทยํยํยํผฆนท+ั๒
2007/11/15,16,18,41,45,27,12,29,บ๏ยํั๒อรผฆส๓+ั๒
2007/11/18,4,32,25,1,6,20,43,บ๏ม๚ึํึํยํม๚+ษ฿
2007/11/20,44,6,22,13,30,14,26,ม๚ยํปขึํยํนท+นท
2007/11/22,39,1,12,40,29,48,41,ผฆึํส๓บ๏ั๒ส๓+ั๒
2007/11/24,40,42,19,5,32,25,4,บ๏ยํษ฿ั๒ม๚ึํ+บ๏
2007/11/27,7,45,27,33,35,25,6,ษ฿อรผฆอรลฃึํ+ยํ
2007/11/29,13,27,19,10,48,43,8,ึํผฆษ฿ปขส๓ษ฿+ม๚
2007/12/2,29,30,35,18,25,32,39,ั๒ยํลฃยํึํม๚+ผฆ
2007/12/4,45,26,28,30,23,18,15,อรนทบ๏ยํลฃยํ+ผฆ
2007/12/6,5,39,26,46,38,33,47,ั๒ผฆนทปขนทอร+ลฃ
2007/12/8,35,14,41,38,42,9,40,ลฃนทั๒นทยํอร+บ๏
2007/12/11,35,16,40,41,18,24,47,ลฃบ๏บ๏ั๒ยํส๓+ลฃ
2007/12/13,5,42,23,15,7,18,10,ั๒ยํลฃผฆษ฿ยํ+ปข
2007/12/16,17,23,1,44,40,25,26,ั๒ลฃึํม๚บ๏ึํ+นท
2007/12/18,2,24,19,40,1,6,44,นทส๓ษ฿บ๏ึํยํ+ม๚
2007/12/22,1,46,17,9,28,42,32,ึํปขั๒อรบ๏ยํ+ม๚
2007/12/25,21,46,30,1,2,44,33,อรปขยํึํนทม๚+อร
2007/12/27,17,37,48,40,38,7,43,ั๒ึํส๓บ๏นทษ฿+ษ฿
2007/12/29,6,48,12,33,16,41,8,ยํส๓ส๓อรบ๏ั๒+ม๚
2007/12/31,21,23,45,37,15,16,4,อรลฃอรึํผฆบ๏+บ๏
2008/1/3,36,5,8,42,46,39,14,ส๓ั๒ม๚ยํปขผฆ+นท
2008/1/5,33,3,42,14,32,11,15,อรผฆยํนทม๚ลฃ+ผฆ
2008/1/8,2,14,40,9,45,24,3,นทนทบ๏อรอรส๓+ผฆ
2008/1/10,20,36,46,4,42,47,22,ม๚ส๓ปขบ๏ยํลฃ+ปข
2008/1/13,8,26,13,42,22,18,43,ม๚นทึํยํปขยํ+ษ฿
2008/1/15,15,37,45,10,18,11,26,ผฆึํอรปขยํลฃ+นท
2008/1/17,36,35,24,40,8,19,23,ส๓ลฃส๓บ๏ม๚ษ฿+ลฃ
2008/1/19,32,4,7,20,34,8,24,ม๚บ๏ษ฿ม๚ปขม๚+ส๓
2008/1/22,9,30,16,49,33,17,41,อรยํบ๏ึํอรั๒+ั๒
2008/1/24,38,23,26,46,10,42,29,นทลฃนทปขปขยํ+ั๒
2008/1/26,19,22,33,13,15,38,39,ษ฿ปขอรึํผฆนท+ผฆ
2008/1/29,43,33,16,24,22,44,29,ษ฿อรบ๏ส๓ปขม๚+ั๒
2008/1/31,49,24,41,42,32,48,10,ึํส๓ั๒ยํม๚ส๓+ปข
2008/2/3,46,36,34,1,42,37,39,ปขส๓ปขึํยํึํ+ผฆ
2008/2/5,6,43,36,48,40,3,8,ยํษ฿ส๓ส๓บ๏ผฆ+ม๚
2008/2/8,38,30,2,16,31,48,36,ึํั๒ึํผฆยํลฃ+ลฃ
2008/2/10,26,32,39,7,30,24,47,ึํษ฿นทยํั๒ลฃ+ปข
2008/2/12,31,23,40,45,12,37,35,ยํปขผฆม๚ลฃส๓+ปข
2008/2/14,4,15,39,6,29,33,18,ผฆนทนทั๒บ๏ม๚+ั๒
2008/2/16,22,5,8,29,2,41,28,อรบ๏ษ฿บ๏ึํบ๏+ผฆ
2008/2/19,15,38,29,5,32,39,31,นทึํบ๏บ๏ษ฿นท+ยํ
2008/2/21,48,27,24,22,18,30,3,ลฃนทลฃอรั๒ั๒+นท
2008/2/23,14,47,9,33,24,2,48,ึํปขม๚ม๚ลฃึํ+ลฃ
2008/2/26,39,34,9,23,30,20,13,นทอรม๚ปขั๒ษ฿+ส๓
2008/2/28,6,17,13,35,49,8,45,ั๒บ๏ส๓ปขส๓ษ฿+ม๚
2008/3/2,7,22,5,35,32,30,13,ยํอรบ๏ปขษ฿ั๒+ส๓
2008/3/4,49,5,2,13,21,20,36,ส๓บ๏ึํส๓ม๚ษ฿+ลฃ
2008/3/6,25,7,12,24,39,44,27,ส๓ยํลฃลฃนทษ฿+นท
2008/3/8,31,16,38,25,49,36,29,ยํผฆึํส๓ส๓ลฃ+บ๏
2008/3/11,23,13,5,28,40,15,17,ปขส๓บ๏ผฆผฆนท+บ๏
2008/3/13,36,31,44,33,28,12,7,ลฃยํษ฿ม๚ผฆลฃ+ยํ
2008/3/15,10,21,47,22,8,30,28,อรม๚ปขอรษ฿ั๒+ผฆ
2008/3/18,37,44,13,23,28,30,49,ส๓ษ฿ส๓ปขผฆั๒+ส๓
2008/3/20,12,26,4,33,45,22,8,ลฃึํผฆม๚ม๚อร+ษ฿
2008/3/22,49,48,18,38,13,32,40,ส๓ลฃั๒ึํส๓ษ฿+ผฆ
2008/3/25,15,35,7,25,22,14,32,นทปขยํส๓อรึํ+ษ฿
2008/3/27,16,32,3,45,4,48,23,ผฆษ฿นทม๚ผฆลฃ+ปข
2008/3/29,9,39,30,6,32,48,4,ม๚นทั๒ั๒ษ฿ลฃ+ผฆ
2008/4/1,49,16,44,27,15,40,31,ส๓ผฆษ฿นทนทผฆ+ยํ
2008/4/3,17,28,41,36,6,1,31,บ๏ผฆบ๏ลฃั๒ส๓+ยํ
2008/4/8,21,13,11,36,39,40,43,ม๚ส๓ปขลฃนทผฆ+ยํ
2008/4/13,38,34,23,9,22,1,24,ึํอรปขม๚อรส๓+ลฃ
2008/4/15,25,38,48,31,8,43,23,ส๓ึํลฃยํษ฿ยํ+ปข
2008/4/17,10,31,7,48,11,27,5,อรยํยํลฃปขนท+บ๏
2008/4/19,16,10,42,19,46,7,20,ผฆอรั๒ยํอรยํ+ษ฿
2008/4/22,14,8,36,40,46,31,9,ึํษ฿ลฃผฆอรยํ+ม๚
2008/4/24,35,12,31,25,8,13,21,ปขลฃยํส๓ษ฿ส๓+ม๚
2008/4/26,19,17,13,32,15,24,9,ยํบ๏ส๓ษ฿นทลฃ+ม๚
2008/4/29,25,41,22,24,40,20,35,ส๓บ๏อรลฃผฆษ฿+ปข
2008/5/3,39,37,3,5,1,4,8,นทส๓นทบ๏ส๓ผฆ+ษ฿
2008/5/6,26,28,13,8,49,7,17,ึํผฆส๓ษ฿ส๓ยํ+บ๏
2008/5/8,16,49,35,31,37,24,39,ผฆส๓ปขยํส๓ลฃ+นท
2008/5/10,49,6,5,41,27,47,40,ส๓ั๒บ๏บ๏นทปข+ผฆ
2008/5/13,8,34,40,37,19,26,29,ษ฿อรผฆส๓ยํึํ+บ๏
2008/5/15,47,45,38,22,7,21,40,ปขม๚ึํอรยํม๚+ผฆ
2008/5/17,18,24,45,46,48,3,31,ั๒ลฃม๚อรลฃนท+ยํ
2008/5/20,6,25,1,4,47,23,49,ั๒ส๓ส๓ผฆปขปข+ส๓
2008/5/22,29,23,34,19,41,1,15,บ๏ปขอรยํบ๏ส๓+นท
2008/5/24,12,5,31,1,19,14,45,ลฃบ๏ยํส๓ยํึํ+ม๚
2008/5/27,29,24,28,22,23,43,6,บ๏ลฃผฆอรปขยํ+ั๒
2008/5/29,39,1,44,49,27,6,36,นทส๓ษ฿ส๓นทั๒+ลฃ
2008/5/31,42,36,26,11,31,34,13,ั๒ลฃึํปขยํอร+ส๓
2008/6/3,41,40,33,5,32,49,30,บ๏ผฆม๚บ๏ษ฿ส๓+ั๒
2008/6/7,14,6,39,45,11,23,10,ึํั๒นทม๚ปขปข+อร
2008/6/10,11,7,2,20,29,45,48,ปขยํึํษ฿บ๏ม๚+ลฃ
2008/6/12,37,6,22,9,4,15,3,ส๓ั๒อรม๚ผฆนท+นท
2008/6/14,3,44,41,19,15,40,13,นทษ฿บ๏ยํนทผฆ+ส๓
2008/6/17,13,32,3,5,6,31,15,ส๓ษ฿นทบ๏ั๒ยํ+นท
2008/6/19,2,18,11,45,39,26,24,ึํั๒ปขม๚นทึํ+ลฃ
2008/6/21,34,29,13,5,44,1,25,อรบ๏ส๓บ๏ษ฿ส๓+ส๓
2008/6/24,9,29,22,27,42,8,38,ม๚บ๏อรนทั๒ษ฿+ึํ
2008/6/27,48,40,33,46,39,8,24,ลฃผฆม๚อรนทษ฿+ลฃ
2008/6/29,28,7,1,19,34,2,5,ผฆยํส๓ยํอรึํ+บ๏
2008/7/2,48,31,21,3,26,29,1,ลฃยํม๚นทึํบ๏+ส๓
2008/7/5,15,7,38,20,2,6,14,นทยํึํษ฿ึํั๒+ึํ
2008/7/8,21,19,15,24,18,26,36,ม๚ยํนทลฃั๒ึํ+ลฃ
2008/7/10,17,41,44,18,5,12,32,บ๏บ๏ษ฿ั๒บ๏ลฃ+ษ฿
2008/7/12,38,27,21,5,25,40,11,ึํนทม๚บ๏ส๓ผฆ+ปข
2008/7/15,17,47,24,38,9,19,3,บ๏ปขลฃึํม๚ยํ+นท
2008/7/17,18,38,25,47,27,15,2,ั๒ึํส๓ปขนทนท+ึํ
2008/7/19,46,18,35,1,24,29,2,อรั๒ปขส๓ลฃบ๏+ึํ
2008/7/22,45,40,29,33,43,10,8,ม๚ผฆบ๏ม๚ยํอร+ษ฿
2008/7/24,38,29,45,31,15,5,48,ึํบ๏ม๚ยํนทบ๏+ลฃ
2008/7/26,9,41,48,13,10,12,6,ม๚บ๏ลฃส๓อรลฃ+ั๒
2008/7/29,7,34,35,15,25,38,6,ยํอรปขนทส๓ึํ+ั๒
2008/7/31,25,33,1,34,41,8,28,ส๓ม๚ส๓อรบ๏ษ฿+ผฆ
2008/8/2,8,33,11,6,35,4,25,ษ฿ม๚ปขั๒ปขผฆ+ส๓
2008/8/5,11,49,16,6,38,42,40,ปขส๓ผฆั๒ึํั๒+ผฆ
2008/8/7,30,47,23,3,24,17,26,ั๒ปขปขนทลฃบ๏+ึํ
2008/8/9,21,19,15,8,42,32,10,ม๚ยํนทษ฿ั๒ษ฿+อร
2008/8/12,28,26,11,31,10,15,43,ผฆึํปขยํอรนท+ยํ
2008/8/14,46,27,23,41,16,20,6,อรนทปขบ๏ผฆษ฿+ั๒
2008/8/16,38,25,14,43,46,32,35,ึํส๓ึํยํอรษ฿+ปข
2008/8/19,32,7,19,39,24,26,20,ษ฿ยํยํนทลฃึํ+ษ฿
2008/8/21,1,20,21,3,37,35,46,ส๓ษ฿ม๚นทส๓ปข+อร
2008/8/23,20,9,10,3,34,25,41,ษ฿ม๚อรนทอรส๓+บ๏
2008/8/26,25,2,43,13,19,30,44,ส๓ึํยํส๓ยํั๒+ษ฿
2008/8/28,38,21,34,1,27,31,10,ึํม๚อรส๓นทยํ+อร
2008/8/30,2,49,37,10,8,44,22,ึํส๓ส๓อรษ฿ษ฿+อร
2008/9/2,13,9,22,16,31,24,18,ส๓ม๚อรผฆยํลฃ+ั๒
2008/9/4,22,7,17,42,26,31,12,อรยํบ๏ั๒ึํยํ+ลฃ
2008/9/6,38,23,18,22,10,4,35,ึํปขั๒อรอรผฆ+ปข
2008/9/9,7,48,15,23,29,3,5,ยํลฃนทปขบ๏นท+บ๏
2008/9/11,12,8,25,20,49,2,34,ลฃษ฿ส๓ษ฿ส๓ึํ+อร
2008/9/13,46,34,16,8,9,3,42,อรอรผฆษ฿ม๚นท+ั๒
2008/9/16,40,4,14,9,36,25,45,ผฆผฆึํม๚ลฃส๓+ม๚
2008/9/18,2,34,17,46,49,38,33,ึํอรบ๏อรส๓ึํ+ม๚
2008/9/20,5,49,28,4,27,10,46,บ๏ส๓ผฆผฆนทอร+อร
2008/9/25,1,29,16,46,4,15,30,ส๓บ๏ผฆอรผฆนท+ั๒
2008/9/27,39,33,36,17,7,44,31,นทม๚ลฃบ๏ยํษ฿+ยํ
2008/9/30,26,11,47,27,40,39,34,ึํปขปขนทผฆนท+อร
2008/10/2,42,32,17,29,20,13,15,ั๒ษ฿บ๏บ๏ษ฿ส๓+นท
2008/10/4,14,22,19,4,16,35,9,ึํอรยํผฆผฆปข+ม๚
2008/10/7,34,46,4,49,26,10,5,อรอรผฆส๓ึํอร+บ๏
2008/10/9,1,27,38,19,2,12,41,ส๓นทึํยํึํลฃ+บ๏
2008/10/11,46,37,35,11,38,8,27,อรส๓ปขปขึํษ฿+นท
2008/10/14,11,19,14,44,21,41,31,ปขยํึํษ฿ม๚บ๏+ยํ
2008/10/16,31,44,21,6,40,42,7,ยํษ฿ม๚ั๒ผฆั๒+ยํ
2008/10/18,7,9,3,6,32,35,24,ยํม๚นทั๒ษ฿ปข+ลฃ
2008/10/21,37,8,1,9,35,32,14,ส๓ษ฿ส๓ม๚ปขษ฿+ึํ
2008/10/23,46,5,21,19,27,9,37,อรบ๏ม๚ยํนทม๚+ส๓
2008/10/25,22,13,18,30,3,20,39,อรส๓ั๒ั๒นทษ฿+นท
2008/10/28,13,3,26,10,11,48,9,ส๓นทึํอรปขลฃ+ม๚
2008/10/30,13,33,40,5,23,37,39,ส๓ม๚ผฆบ๏ปขส๓+นท
2008/11/1,32,19,23,44,17,11,25,ษ฿ยํปขษ฿บ๏ปข+ส๓
2008/11/3,25,8,1,38,20,43,39,ส๓ษ฿ส๓ึํษ฿ยํ+นท
2008/11/6,43,35,5,42,6,28,4,ยํปขบ๏ั๒ั๒ผฆ+ผฆ
2008/11/9,24,1,15,48,4,6,43,ลฃส๓นทลฃผฆั๒+ยํ
2008/11/11,19,32,27,17,20,35,11,ยํษ฿นทบ๏ษ฿ปข+ปข
2008/11/13,33,9,34,10,43,20,42,ม๚ม๚อรอรยํษ฿+ั๒
2008/11/15,32,2,8,5,24,37,35,ษ฿ึํษ฿บ๏ลฃส๓+ปข
2008/11/18,28,18,32,29,5,11,10,ผฆั๒ษ฿บ๏บ๏ปข+อร
2008/11/20,41,13,40,31,4,36,49,บ๏ส๓ผฆยํผฆลฃ+ส๓
2008/11/22,28,1,4,24,17,3,7,ผฆส๓ผฆลฃบ๏นท+ยํ
2008/11/25,38,3,48,46,18,9,13,ึํนทลฃอรั๒ม๚+ส๓
2008/11/27,6,36,46,14,21,4,41,ั๒ลฃอรึํม๚ผฆ+บ๏
2008/11/29,6,27,37,33,36,5,48,ั๒นทส๓ม๚ลฃบ๏+ลฃ
2008/12/2,43,30,31,29,3,13,8,ยํั๒ยํบ๏นทส๓+ษ฿
2008/12/4,35,47,10,8,37,28,12,ปขปขอรษ฿ส๓ผฆ+ลฃ
2008/12/7,26,28,17,9,30,4,1,ึํผฆบ๏ม๚ั๒ผฆ+ส๓
2008/12/9,21,44,14,47,7,43,35,ม๚ษ฿ึํปขยํยํ+ปข
2008/12/11,47,1,48,11,41,10,20,ปขส๓ลฃปขบ๏อร+ษ฿
2008/12/13,40,1,27,7,36,48,13,ผฆส๓นทยํลฃลฃ+ส๓
2008/12/16,32,44,36,38,29,21,43,ษ฿ษ฿ลฃึํบ๏ม๚+ยํ
2008/12/18,40,22,31,27,46,2,13,ผฆอรยํนทอรึํ+ส๓
2008/12/21,6,20,34,26,40,13,10,ั๒ษ฿อรึํผฆส๓+อร
2008/12/23,29,33,48,24,26,22,46,บ๏ม๚ลฃลฃึํอร+อร
2008/12/27,2,21,24,34,17,19,18,ึํม๚ลฃอรบ๏ยํ+ั๒
2008/12/30,4,29,40,18,47,8,9,ผฆบ๏ผฆั๒ปขษ฿+ม๚
2009/1/3,16,30,21,2,10,22,26,ผฆั๒ม๚ึํอรอร+ึํ
2009/1/6,23,42,45,30,9,14,19,ปขั๒ม๚ั๒ม๚ึํ+ยํ
2009/1/8,22,46,19,33,18,42,7,อรอรยํม๚ั๒ั๒+ยํ
2009/1/11,7,16,3,47,19,44,31,ยํผฆนทปขยํษ฿+ยํ
2009/1/13,36,41,15,12,49,40,42,ลฃบ๏นทลฃส๓ผฆ+ั๒
2009/1/15,6,9,32,24,10,12,30,ั๒ม๚ษ฿ลฃอรลฃ+ั๒
2009/1/17,1,47,28,29,16,15,37,ส๓ปขผฆบ๏ผฆนท+ส๓
2009/1/20,34,42,22,13,5,29,37,อรั๒อรส๓บ๏บ๏+ส๓
2009/1/23,37,44,47,5,17,38,12,ส๓ษ฿ปขบ๏บ๏ึํ+ลฃ
2009/1/25,44,40,47,4,12,19,49,ษ฿ผฆปขผฆลฃยํ+ส๓
2009/1/27,42,13,7,21,17,45,36,บ๏ลฃั๒ษ฿ผฆษ฿+ปข
2009/1/29,36,9,25,8,17,6,4,ปขษ฿ลฃยํผฆบ๏+นท
2009/1/31,9,14,24,10,4,29,38,ษ฿ส๓ปขม๚นทผฆ+ส๓
2009/2/3,26,12,46,8,44,31,42,ส๓ปขม๚ยํยํั๒+บ๏
2009/2/5,3,47,36,46,25,23,20,ึํอรปขม๚ลฃอร+ยํ
2009/2/7,42,44,9,48,12,45,35,บ๏ยํษ฿ปขปขษ฿+อร
2009/2/10,4,14,24,21,48,6,8,นทส๓ปขษ฿ปขบ๏+ยํ
2009/2/12,32,42,10,22,14,28,36,ยํบ๏ม๚ม๚ส๓นท+ปข
2009/2/14,12,37,39,31,17,46,8,ปขลฃึํั๒ผฆม๚+ยํ
2009/2/17,39,12,26,8,15,44,6,ึํปขส๓ยํึํยํ+บ๏
2009/2/19,36,26,9,16,6,29,8,ปขส๓ษ฿นทบ๏ผฆ+ยํ
2009/2/21,15,21,14,8,20,7,44,ึํษ฿ส๓ยํยํั๒+ยํ
2009/2/24,47,38,32,9,37,1,25,อรส๓ยํษ฿ลฃลฃ+ลฃ
2009/2/26,15,24,14,23,19,25,2,ึํปขส๓อรั๒ลฃ+ส๓
2009/2/28,24,22,34,15,5,46,26,ปขม๚ม๚ึํผฆม๚+ส๓
2009/3/3,22,37,25,49,30,38,15,ม๚ลฃลฃลฃบ๏ส๓+ึํ
2009/3/5,7,33,17,2,47,20,45,ั๒ษ฿ผฆส๓อรยํ+ษ฿
2009/3/8,11,40,4,3,28,37,36,อรนทนทึํนทลฃ+ปข
2009/3/10,48,21,39,27,33,32,9,ปขษ฿ึํึํษ฿ยํ+ษ฿
2009/3/12,32,16,30,15,2,12,5,ยํนทบ๏ึํส๓ปข+ผฆ
2009/3/14,43,10,16,19,42,33,12,ั๒ม๚นทั๒บ๏ษ฿+ปข
2009/3/17,37,14,11,21,17,12,10,ลฃส๓อรษ฿ผฆปข+ม๚
2009/3/19,32,14,21,18,6,46,43,ยํส๓ษ฿บ๏บ๏ม๚+ั๒
2009/3/21,27,32,23,13,43,34,22,ึํยํอรลฃั๒ม๚+ม๚
2009/3/24,12,16,4,38,46,15,21,ปขนทนทส๓ม๚ึํ+ษ฿
2009/3/26,42,36,5,38,14,34,19,บ๏ปขผฆส๓ส๓ม๚+ั๒
2009/3/29,42,24,40,32,43,36,47,บ๏ปขนทยํั๒ปข+อร
2009/3/31,29,1,7,15,23,35,14,ผฆลฃั๒ึํอรอร+ส๓
2009/4/2,33,39,7,13,20,45,30,ษ฿ึํั๒ลฃยํษ฿+บ๏
2009/4/4,2,18,46,17,10,6,34,ส๓บ๏ม๚ผฆม๚บ๏+ม๚
2009/4/7,45,4,21,29,41,22,14,ษ฿นทษ฿ผฆผฆม๚+ส๓
2009/4/9,44,7,29,9,49,22,1,ยํั๒ผฆษ฿ลฃม๚+ลฃ
2009/4/11,38,47,16,45,3,25,35,ส๓อรนทษ฿ึํลฃ+อร
2009/4/14,27,2,42,22,41,7,5,ึํส๓บ๏ม๚ผฆั๒+ผฆ
2009/4/16,19,12,11,1,30,28,49,ั๒ปขอรลฃบ๏นท+ลฃ
2009/4/18,33,14,29,10,48,22,5,ษ฿ส๓ผฆม๚ปขม๚+ผฆ
2009/4/21,31,4,43,41,18,42,24,ั๒นทั๒ผฆบ๏บ๏+ปข
2009/4/23,45,34,46,20,42,15,23,ษ฿ม๚ม๚ยํบ๏ึํ+อร
2009/4/25,34,17,46,38,4,49,7,ม๚ผฆม๚ส๓นทลฃ+ั๒
2009/4/28,41,7,20,36,3,34,39,ผฆั๒ยํปขึํม๚+ึํ
2009/4/30,8,21,30,49,38,11,35,ยํษ฿บ๏ลฃส๓อร+อร
2009/5/2,6,29,18,1,39,48,10,บ๏ผฆบ๏ลฃึํปข+ม๚
2009/5/5,31,30,45,41,5,29,47,ั๒บ๏ษ฿ผฆผฆผฆ+อร
2009/5/7,7,3,9,16,34,2,14,ั๒ึํษ฿นทม๚ส๓+ส๓
2009/5/10,48,11,21,41,28,14,32,ปขอรษ฿ผฆนทส๓+ยํ
2009/5/12,29,9,38,25,36,41,23,ผฆษ฿ส๓ลฃปขผฆ+อร
2009/5/14,49,43,46,23,6,31,40,ลฃั๒ม๚อรบ๏ั๒+นท
2009/5/16,3,7,20,18,27,11,2,ึํั๒ยํบ๏ึํอร+ส๓
2009/5/19,45,36,28,38,40,33,4,ษ฿ปขนทส๓นทษ฿+นท
2009/5/23,21,32,46,8,1,37,22,ษ฿ยํม๚ยํลฃลฃ+ม๚
2009/5/26,25,11,14,27,47,19,20,ลฃอรส๓ึํอรั๒+ยํ
2009/5/28,49,2,28,46,12,20,31,ลฃส๓นทม๚ปขยํ+ั๒
2009/5/30,14,27,9,12,36,20,11,ส๓ึํษ฿ปขปขยํ+อร
2009/6/2,47,29,26,5,7,18,2,อรผฆส๓ผฆั๒บ๏+ส๓
2009/6/4,4,43,9,24,22,19,1,นทั๒ษ฿ปขม๚ั๒+ลฃ
2009/6/6,1,23,5,8,48,32,3,ลฃอรผฆยํปขยํ+ึํ
2009/6/9,46,13,16,7,35,42,25,ม๚ลฃนทั๒อรบ๏+ลฃ
2009/6/11,8,11,33,43,20,15,34,ยํอรษ฿ั๒ยํึํ+ม๚
2009/6/14,42,39,12,43,13,25,38,บ๏ึํปขั๒ลฃลฃ+ส๓
2009/6/16,37,41,16,30,27,25,36,ลฃผฆนทบ๏ึํลฃ+ปข
2009/6/18,26,2,19,17,22,11,13,ส๓ส๓ั๒ผฆม๚อร+ลฃ
2009/6/20,7,11,24,32,49,35,46,ั๒อรปขยํลฃอร+ม๚
2009/6/23,34,1,19,39,48,43,45,ม๚ลฃั๒ึํปขั๒+ษ฿
2009/6/25,36,45,30,26,19,12,20,ปขษ฿บ๏ส๓ั๒ปข+ยํ
2009/6/27,16,26,18,21,48,30,45,นทส๓บ๏ษ฿ปขบ๏+ษ฿
2009/6/30,17,5,11,15,46,25,24,ผฆผฆอรึํม๚ลฃ+ปข
2009/7/2,22,24,40,19,6,29,4,ม๚ปขนทั๒บ๏ผฆ+นท
2009/7/4,20,2,19,49,14,17,26,ยํส๓ั๒ลฃส๓ผฆ+ส๓
2009/7/7,47,38,41,6,30,27,20,อรส๓ผฆบ๏บ๏ึํ+ยํ
2009/7/9,24,30,46,31,26,4,2,ปขบ๏ม๚ั๒ส๓นท+ส๓
2009/7/11,2,9,21,47,18,32,26,ส๓ษ฿ษ฿อรบ๏ยํ+ส๓
2009/7/14,2,39,10,46,47,19,41,ส๓ึํม๚ม๚อรั๒+ผฆ
2009/7/16,14,45,3,17,29,5,31,ส๓ษ฿ึํผฆผฆผฆ+ั๒
2009/7/18,39,38,29,24,41,28,19,ึํส๓ผฆปขผฆนท+ั๒
2009/7/21,13,15,4,6,1,48,39,ลฃึํนทบ๏ลฃปข+ึํ
2009/7/23,11,3,1,47,15,39,44,อรึํลฃอรึํึํ+ยํ
2009/7/25,23,22,4,31,47,36,20,อรม๚นทั๒อรปข+ยํ
2009/7/28,49,4,28,46,11,20,31,ลฃนทนทม๚อรยํ+ั๒
2009/7/30,18,12,4,40,11,21,44,บ๏ปขนทนทอรษ฿+ยํ
2009/8/1,8,45,48,47,1,20,11,ยํษ฿ปขอรลฃยํ+อร
2009/8/4,32,9,36,34,37,27,20,ยํษ฿ปขม๚ลฃึํ+ยํ
2009/8/6,48,39,38,18,47,28,24,ปขึํส๓บ๏อรนท+ปข
2009/8/8,8,5,30,10,11,23,42,ยํผฆบ๏ม๚อรอร+บ๏
2009/8/11,24,15,31,39,23,1,33,ปขึํั๒ึํอรลฃ+ษ฿
2009/8/13,27,18,29,37,3,6,4,ึํบ๏ผฆลฃึํบ๏+นท
2009/8/15,24,34,6,23,16,20,42,ปขม๚บ๏อรนทยํ+บ๏
2009/8/18,33,3,20,18,15,1,48,ษ฿ึํยํบ๏ึํลฃ+ปข
2009/8/20,26,12,22,27,29,15,37,ส๓ปขม๚ึํผฆึํ+ลฃ
2009/8/22,48,4,12,29,3,32,16,ปขนทปขผฆึํยํ+นท
2009/8/25,15,11,32,12,24,5,39,ึํอรยํปขปขผฆ+ึํ
2009/8/27,24,5,42,8,17,30,34,ปขผฆบ๏ยํผฆบ๏+ม๚
2009/8/29,35,33,4,18,26,17,40,อรษ฿นทบ๏ส๓ผฆ+นท
2009/9/1,22,17,19,40,27,46,4,ม๚ผฆั๒นทึํม๚+นท
2009/9/4,14,9,49,6,47,17,38,ส๓ษ฿ลฃบ๏อรผฆ+ส๓
2009/9/6,9,24,41,48,35,40,31,ษ฿ปขผฆปขอรนท+ั๒
2009/9/8,21,13,11,20,28,16,15,ษ฿ลฃอรยํนทนท+ึํ
2009/9/10,29,31,35,33,7,32,48,ผฆั๒อรษ฿ั๒ยํ+ปข
2009/9/12,35,3,43,1,14,17,47,อรึํั๒ลฃส๓ผฆ+อร
2009/9/15,35,11,49,14,17,16,34,อรอรลฃส๓ผฆนท+ม๚
2009/9/17,30,28,24,21,48,19,26,บ๏นทปขษ฿ปขั๒+ส๓
2009/9/19,41,23,28,39,37,20,26,ผฆอรนทึํลฃยํ+ส๓
2009/9/22,9,5,18,1,24,32,38,ษ฿ผฆบ๏ลฃปขยํ+ส๓
2009/9/24,34,9,36,19,22,26,24,ม๚ษ฿ปขั๒ม๚ส๓+ปข
2009/9/27,3,1,41,30,47,9,19,ึํลฃผฆบ๏อรษ฿+ั๒
2009/9/29,33,15,48,1,40,5,21,ษ฿ึํปขลฃนทผฆ+ษ฿
2009/10/3,16,39,4,6,22,11,10,นทึํนทบ๏ม๚อร+ม๚
2009/10/6,36,12,15,24,49,17,14,ปขปขึํปขลฃผฆ+ส๓
2009/10/8,35,39,21,31,33,44,28,อรึํษ฿ั๒ษ฿ยํ+นท
2009/10/10,19,16,12,49,2,20,4,ั๒นทปขลฃส๓ยํ+นท
2009/10/13,36,18,43,15,13,45,7,ปขบ๏ั๒ึํลฃษ฿+ั๒
2009/10/15,15,17,22,37,47,39,26,ึํผฆม๚ลฃอรึํ+ส๓
2009/10/18,42,32,4,20,2,15,48,บ๏ยํนทยํส๓ึํ+ปข
2009/10/20,34,8,46,39,26,36,35,ม๚ยํม๚ึํส๓ปข+อร
2009/10/22,40,1,47,2,29,24,7,นทลฃอรส๓ผฆปข+ั๒
2009/10/24,25,34,26,41,45,22,15,ลฃม๚ส๓ผฆษ฿ม๚+ึํ
2009/10/27,41,35,16,13,31,42,36,ผฆอรนทลฃั๒บ๏+ปข
2009/10/29,44,15,14,16,18,13,48,ยํึํส๓นทบ๏ลฃ+ปข
2009/10/31,30,27,29,25,11,44,23,บ๏ึํผฆลฃอรยํ+อร
2009/11/3,33,19,43,42,45,3,44,ษ฿ั๒ั๒บ๏ษ฿ึํ+ยํ
2009/11/5,42,3,13,40,31,9,30,บ๏ึํลฃนทั๒ษ฿+บ๏
2009/11/8,38,17,35,27,32,2,41,ส๓ผฆอรึํยํส๓+ผฆ
2009/11/10,24,8,2,22,35,18,17,ปขยํส๓ม๚อรบ๏+ผฆ
2009/11/12,10,9,6,20,1,46,14,ม๚ษ฿บ๏ยํลฃม๚+ส๓
2009/11/14,42,26,28,6,15,3,21,บ๏ส๓นทบ๏ึํึํ+ษ฿
2009/11/17,42,9,2,43,4,28,45,บ๏ษ฿ส๓ั๒นทนท+ษ฿
2009/11/19,11,19,41,35,45,13,24,อรั๒ผฆอรษ฿ลฃ+ปข
2009/11/21,2,38,23,28,45,8,21,ส๓ส๓อรนทษ฿ยํ+ษ฿
2009/11/24,24,7,45,21,33,35,26,ปขั๒ษ฿ษ฿ษ฿อร+ส๓
2009/11/26,17,42,3,1,9,18,7,ผฆบ๏ึํลฃษ฿บ๏+ั๒
2009/11/28,25,38,1,5,32,39,4,ลฃส๓ลฃผฆยํึํ+นท
2009/12/1,5,44,10,4,17,39,24,ผฆยํม๚นทผฆึํ+ปข
2009/12/3,20,15,10,46,21,34,4,ยํึํม๚ม๚ษ฿ม๚+นท
2009/12/5,14,1,38,17,35,23,31,ส๓ลฃส๓ผฆอรอร+ั๒
2009/12/8,35,31,12,29,6,23,21,อรั๒ปขผฆบ๏อร+ษ฿
2009/12/10,4,15,16,49,34,8,45,นทึํนทลฃม๚ยํ+ษ฿
2009/12/12,40,46,37,8,9,49,41,นทม๚ลฃยํษ฿ลฃ+ผฆ
2009/12/15,10,40,27,28,47,46,18,ม๚นทึํนทอรม๚+บ๏
2009/12/17,43,4,30,49,37,2,10,ั๒นทบ๏ลฃลฃส๓+ม๚
2009/12/20,4,45,24,32,2,28,38,นทษ฿ปขยํส๓นท+ส๓
2009/12/22,33,6,44,23,30,43,10,ษ฿บ๏ยํอรบ๏ั๒+ม๚
2009/12/24,20,22,27,26,44,31,49,ยํม๚ึํส๓ยํั๒+ลฃ
2009/12/26,42,27,21,17,36,6,23,บ๏ึํษ฿ผฆปขบ๏+อร
2009/12/29,33,39,9,38,27,40,14,ษ฿ึํษ฿ส๓ึํนท+ส๓
2009/12/31,33,26,28,41,31,40,19,ษ฿ส๓นทผฆั๒นท+ั๒
2010/1/2,11,13,22,16,21,18,6,อรลฃม๚นทษ฿บ๏+บ๏
2010/1/5,22,28,16,5,14,26,27,ม๚นทนทผฆส๓ส๓+ึํ
2010/1/7,5,14,45,48,16,25,42,ผฆส๓ษ฿ปขนทลฃ+บ๏
2010/1/9,45,8,16,40,4,39,10,ษ฿ยํนทนทนทึํ+ม๚
2010/1/12,29,9,30,23,25,48,1,ผฆษ฿บ๏อรลฃปข+ลฃ
2010/1/14,26,48,38,27,21,35,41,ส๓ปขส๓ึํษ฿อร+ผฆ
2010/1/17,5,19,35,18,45,28,27,ผฆั๒อรบ๏ษ฿นท+ึํ
2010/1/19,9,2,3,41,24,33,40,ษ฿ส๓ึํผฆปขษ฿+นท
2010/1/21,48,7,6,24,17,41,16,ปขั๒บ๏ปขผฆผฆ+นท
2010/1/23,46,18,19,39,26,34,2,ม๚บ๏ั๒ึํส๓ม๚+ส๓
2010/1/26,9,8,38,17,37,31,2,ษ฿ยํส๓ผฆลฃั๒+ส๓
2010/1/28,3,43,46,15,32,9,28,ึํั๒ม๚ึํยํษ฿+นท
2010/1/30,6,32,30,34,2,4,40,บ๏ยํบ๏ม๚ส๓นท+นท
2010/2/2,10,38,1,13,14,39,41,ม๚ส๓ลฃลฃส๓ึํ+ผฆ
2010/2/4,25,9,42,47,20,36,13,ลฃษ฿บ๏อรยํปข+ลฃ
2010/2/6,41,24,16,5,1,13,14,ผฆปขนทผฆลฃลฃ+ส๓
2010/2/9,10,14,13,49,4,8,7,ม๚ส๓ลฃลฃนทยํ+ั๒
2010/2/11,36,35,24,27,21,32,16,ปขอรปขึํษ฿ยํ+นท
2010/2/13,29,27,5,26,21,28,44,ผฆึํผฆส๓ษ฿นท+ยํ
2010/2/15,20,17,1,49,7,29,19,ั๒นทปขปขบ๏นท+บ๏
2010/2/18,32,11,28,7,5,4,3,ั๒ม๚ึํบ๏นทึํ+ส๓
2010/2/20,4,32,3,45,11,15,1,ึํั๒ส๓ยํม๚ส๓+ปข
2010/2/23,8,19,43,44,48,49,46,ั๒บ๏บ๏ั๒อรปข+ษ฿
2010/2/25,47,37,11,44,20,31,46,ม๚ปขม๚ั๒ั๒บ๏+ษ฿
2010/2/27,25,17,36,22,16,18,47,ปขนทอรษ฿ึํผฆ+ม๚
2010/3/2,6,28,10,1,21,35,46,ผฆึํษ฿ปขยํม๚+ษ฿
2010/3/4,24,11,10,33,34,38,16,อรม๚ษ฿ยํษ฿ลฃ+ึํ
2010/3/7,28,12,46,31,3,26,16,ึํอรษ฿บ๏ส๓ลฃ+ึํ
2010/3/9,17,28,9,45,13,14,20,นทึํยํยํปขลฃ+ั๒
2010/3/11,14,40,10,35,48,43,21,ลฃึํษ฿ม๚อรบ๏+ยํ
2010/3/13,39,22,4,1,14,18,48,ส๓ษ฿ึํปขลฃผฆ+อร
2010/3/16,16,4,37,47,28,38,30,ึํึํปขม๚ึํลฃ+ผฆ
2010/3/18,39,19,37,4,41,30,31,ส๓บ๏ปขึํนทผฆ+บ๏
2010/3/20,45,12,39,8,29,33,36,ยํอรส๓ั๒นทยํ+อร
2010/3/23,46,11,32,7,22,27,17,ษ฿ม๚ั๒บ๏ษ฿ส๓+นท
2010/3/25,16,47,29,44,14,45,42,ึํม๚นทั๒ลฃยํ+ผฆ
2010/3/27,1,44,22,36,3,8,29,ปขั๒ษ฿อรส๓ั๒+นท
2010/3/30,29,31,40,2,48,22,20,นทบ๏ึํลฃอรษ฿+ั๒
2010/4/1,42,20,31,43,23,21,41,ผฆั๒บ๏บ๏ม๚ยํ+นท
2010/4/3,43,37,40,35,11,23,30,บ๏ปขึํม๚ม๚ม๚+ผฆ
2010/4/6,42,35,20,25,45,11,8,ผฆม๚ั๒ปขยํม๚+ั๒
2010/4/8,3,30,33,37,25,5,35,ส๓ผฆยํปขปขนท+ม๚
2010/4/11,36,38,7,41,2,20,40,อรลฃบ๏นทลฃั๒+ึํ
2010/4/13,32,42,46,37,33,31,17,ั๒ผฆษ฿ปขยํบ๏+นท
2010/4/15,36,21,37,35,19,30,33,อรยํปขม๚บ๏ผฆ+ยํ
2010/4/17,38,2,49,42,1,24,19,ลฃลฃปขผฆปขอร+บ๏
2010/4/20,27,6,35,17,25,40,32,ส๓ผฆม๚นทปขึํ+ั๒
2010/4/22,29,1,39,16,23,46,17,นทปขส๓ึํม๚ษ฿+นท
2010/4/24,23,12,5,39,29,16,11,ม๚อรนทส๓นทึํ+ม๚
2010/4/27,3,21,33,22,18,13,8,ส๓ยํยํษ฿ผฆปข+ั๒
2010/4/29,5,24,41,7,26,49,3,นทอรนทบ๏ลฃปข+ส๓
2010/5/2,26,41,28,16,44,7,24,ลฃนทึํึํั๒บ๏+อร
2010/5/4,19,41,40,34,46,24,15,บ๏นทึํษ฿ษ฿อร+ส๓
2010/5/6,37,40,31,2,39,38,44,ปขึํบ๏ลฃส๓ลฃ+ั๒
2010/5/9,1,27,34,8,21,5,20,ปขส๓ษ฿ั๒ยํนท+ั๒
2010/5/11,40,35,34,15,29,26,9,ึํม๚ษ฿ส๓นทลฃ+ยํ
2010/5/13,22,49,39,37,31,16,32,ษ฿ปขส๓ปขบ๏ึํ+ั๒
2010/5/15,44,39,32,47,29,1,17,ั๒ส๓ั๒ม๚นทปข+นท
2010/5/18,7,48,12,20,4,39,14,บ๏อรอรั๒ึํส๓+ลฃ
2010/5/20,22,37,11,10,4,15,49,ษ฿ปขม๚ษ฿ึํส๓+ปข
2010/5/22,12,26,29,18,33,17,41,อรลฃนทผฆยํนท+นท
2010/5/25,14,40,43,30,18,46,27,ลฃึํบ๏ผฆผฆษ฿+ส๓
2010/5/27,28,49,9,22,32,33,18,ึํปขยํษ฿ั๒ยํ+ผฆ
2010/5/29,16,26,4,25,33,42,30,ึํลฃึํปขยํผฆ+ผฆ
2010/6/1,24,11,7,46,28,13,26,อรม๚บ๏ษ฿ึํปข+ลฃ
2010/6/3,42,19,44,16,26,5,6,ผฆบ๏ั๒ึํลฃนท+ผฆ
2010/6/5,15,37,38,40,30,9,1,ส๓ปขลฃึํผฆยํ+ปข
2010/6/8,8,7,23,47,21,12,10,ั๒บ๏ม๚ม๚ยํอร+ษ฿
2010/6/10,49,26,36,8,32,35,24,ปขลฃอรั๒ั๒ม๚+อร
2010/6/13,21,20,2,40,19,11,43,ยํั๒ลฃึํบ๏ม๚+บ๏
2010/6/15,5,21,18,49,35,10,11,นทยํผฆปขม๚ษ฿+ม๚
2010/6/17,45,48,11,42,15,5,14,ยํอรม๚ผฆส๓นท+ลฃ
2010/6/19,12,8,27,13,35,2,37,อรั๒ส๓ปขม๚ลฃ+ปข
2010/6/22,4,9,20,2,35,40,44,ึํยํั๒ลฃม๚ึํ+ั๒
2010/6/24,23,34,5,26,49,31,24,ม๚ษ฿นทลฃปขบ๏+อร
2010/6/26,20,7,15,41,13,21,2,ั๒บ๏ส๓นทปขยํ+ลฃ
2010/6/29,21,11,41,48,8,38,49,ยํม๚นทอรั๒ลฃ+ปข
2010/7/3,2,49,14,13,45,21,19,ลฃปขลฃปขยํยํ+บ๏
2010/7/6,42,21,14,17,46,29,49,ผฆยํลฃนทษ฿นท+ปข
2010/7/8,40,4,47,16,46,43,27,ึํึํม๚ึํษ฿บ๏+ส๓
2010/7/10,2,42,25,27,22,35,13,ลฃผฆปขส๓ษ฿ม๚+ปข
2010/7/13,5,25,48,43,2,3,24,นทปขอรบ๏ลฃส๓+อร
2010/7/15,2,16,41,10,44,18,31,ลฃึํนทษ฿ั๒ผฆ+บ๏
2010/7/17,7,34,12,40,48,30,33,บ๏ษ฿อรึํอรผฆ+ยํ
2010/7/20,26,47,13,29,5,40,42,ลฃม๚ปขนทนทึํ+ผฆ
2010/7/24,42,33,15,6,25,22,24,ผฆยํส๓ผฆปขษ฿+อร
2010/7/27,4,17,43,28,23,46,22,ึํนทบ๏ึํม๚ษ฿+ษ฿
2010/7/29,12,38,41,49,13,44,22,อรลฃนทปขปขั๒+ษ฿
2010/7/31,37,33,28,29,35,12,22,ปขยํึํนทม๚อร+ษ฿
2010/8/3,17,9,35,31,26,36,42,นทยํม๚บ๏ลฃอร+ผฆ
2010/8/5,8,46,42,49,30,48,7,ั๒ษ฿ผฆปขผฆอร+บ๏
2010/8/7,46,45,34,18,41,3,37,ษ฿ยํษ฿ผฆนทส๓+ปข
2010/8/10,39,20,12,30,5,8,23,ส๓ั๒อรผฆนทั๒+ม๚
2010/8/12,29,17,42,6,48,33,34,นทนทผฆผฆอรยํ+ษ฿
2010/8/14,38,17,34,46,6,12,43,ลฃนทษ฿ษ฿ผฆอร+บ๏
2010/8/17,25,2,35,8,5,22,16,ปขลฃม๚ั๒นทษ฿+ึํ
2010/8/19,8,43,48,12,30,46,35,ั๒บ๏อรอรผฆษ฿+ม๚
2010/8/21,49,34,40,21,37,18,28,ปขษ฿ึํยํปขผฆ+ึํ
2010/8/24,11,9,37,6,25,16,45,ม๚ยํปขผฆปขึํ+ยํ
2010/8/26,10,9,1,36,7,44,37,ษ฿ยํปขอรบ๏ั๒+ปข
2010/8/28,3,1,6,7,49,36,42,ส๓ปขผฆบ๏ปขอร+ผฆ
2010/8/30,46,6,39,49,40,16,41,ษ฿ผฆส๓ปขึํึํ+นท
2010/9/2,11,48,7,23,3,20,38,ม๚อรบ๏ม๚ส๓ั๒+ลฃ
2010/9/4,17,25,34,43,19,45,47,นทปขษ฿บ๏บ๏ยํ+ม๚
2010/9/7,2,3,16,42,43,45,27,ลฃส๓ึํผฆบ๏ยํ+ส๓
2010/9/9,19,34,37,4,2,41,5,บ๏ษ฿ปขึํลฃนท+นท
2010/9/11,35,36,24,39,10,20,12,ม๚อรอรส๓ษ฿ั๒+อร
2010/9/14,3,22,39,4,7,30,6,ส๓ษ฿ส๓ึํบ๏ผฆ+ผฆ
2010/9/16,8,47,49,5,46,31,34,ั๒ม๚ปขนทษ฿บ๏+ษ฿
2010/9/19,40,26,33,19,12,17,25,ึํลฃยํบ๏อรนท+ปข
2010/9/21,35,23,48,36,13,10,47,ม๚ม๚อรอรปขษ฿+ม๚
2010/9/25,39,23,30,37,16,43,5,ส๓ม๚ผฆปขึํบ๏+นท
2010/9/28,49,42,31,30,45,7,46,ปขผฆบ๏ผฆยํบ๏+ษ฿
2010/9/30,26,18,22,21,29,9,27,ลฃผฆษ฿ยํนทยํ+ส๓
2010/10/2,16,36,27,21,7,17,6,ึํอรส๓ยํบ๏นท+ผฆ
2010/10/5,29,16,8,31,5,6,12,นทึํั๒บ๏นทผฆ+อร
2010/10/7,21,15,14,22,40,32,2,ยํส๓ลฃษ฿ึํั๒+ลฃ
2010/10/9,22,37,45,44,41,42,27,ษ฿ปขยํั๒นทผฆ+ส๓
2010/10/12,24,13,38,46,21,9,27,อรปขลฃษ฿ยํยํ+ส๓
2010/10/14,47,10,26,42,7,4,13,ม๚ษ฿ลฃผฆบ๏ึํ+ปข
2010/10/16,30,45,1,44,49,29,41,ผฆยํปขั๒ปขนท+นท
2010/10/19,38,29,43,20,2,39,37,ลฃนทบ๏ั๒ลฃส๓+ปข
2010/10/21,9,35,46,4,23,49,18,ยํม๚ษ฿ึํม๚ปข+ผฆ
2010/10/23,28,33,42,1,41,45,8,ึํยํผฆปขนทยํ+ั๒
2010/10/26,14,33,41,20,3,8,32,ลฃยํนทั๒ส๓ั๒+ั๒
2010/10/28,8,47,31,36,17,9,46,ั๒ม๚บ๏อรนทยํ+ษ฿
2010/10/30,24,12,7,49,8,30,27,อรอรบ๏ปขั๒ผฆ+ส๓
2010/11/2,36,17,24,5,45,25,15,อรนทอรนทยํปข+ส๓
2010/11/4,27,25,9,5,44,33,17,ส๓ปขยํนทั๒ยํ+นท
2010/11/9,41,45,43,49,15,4,18,นทยํบ๏ปขส๓ึํ+ผฆ
2010/11/11,15,43,5,29,6,28,48,ส๓บ๏นทนทผฆึํ+อร
2010/11/13,21,28,48,47,7,18,35,ยํึํอรม๚บ๏ผฆ+ม๚
2010/11/16,46,3,39,49,12,20,19,ษ฿ส๓ส๓ปขอรั๒+บ๏
2010/11/18,30,6,47,20,33,39,23,ผฆผฆม๚ั๒ยํส๓+ม๚
2010/11/20,6,30,9,33,3,29,14,ผฆผฆยํยํส๓นท+ลฃ
2010/11/23,30,10,24,11,1,49,35,ผฆษ฿อรม๚ปขปข+ม๚
2010/11/25,28,39,22,45,17,31,8,ึํส๓ษ฿ยํนทบ๏+ั๒
2010/11/27,26,44,13,43,17,25,42,ลฃั๒ปขบ๏นทปข+ผฆ
2010/11/30,16,19,45,3,48,14,9,ึํบ๏ยํส๓อรลฃ+ยํ
2010/12/2,11,6,17,40,41,31,34,ม๚ผฆนทึํนทบ๏+ษ฿
2010/12/5,10,20,46,47,9,42,27,ษ฿ั๒ษ฿ม๚ยํผฆ+ส๓
2010/12/7,28,12,13,20,18,48,14,ึํอรปขั๒ผฆอร+ลฃ
2010/12/9,4,20,10,33,36,25,37,ึํั๒ษ฿ยํอรปข+ปข
2010/12/11,27,15,24,30,18,22,10,ส๓ส๓อรผฆผฆษ฿+ษ฿
2010/12/14,29,28,7,48,3,38,40,นทึํบ๏อรส๓ลฃ+ึํ
2010/12/16,18,13,29,19,12,27,10,ผฆปขนทบ๏อรส๓+ษ฿
2010/12/18,45,15,39,19,34,44,23,ยํส๓ส๓บ๏ษ฿ั๒+ม๚
2010/12/20,4,41,12,18,16,5,7,ึํนทอรผฆึํนท+บ๏
2010/12/22,4,3,35,41,24,15,36,ึํส๓ม๚นทอรส๓+อร
2010/12/25,4,43,1,13,2,48,11,ึํบ๏ปขปขลฃอร+ม๚
2010/12/28,8,36,28,37,23,31,12,ั๒อรึํปขม๚บ๏+อร
2010/12/30,13,4,18,39,36,20,12,ปขึํผฆส๓อรั๒+อร
2011/1/2,1,13,20,24,37,39,3,ปขปขั๒อรปขส๓+ส๓
2011/1/4,20,39,16,9,38,4,40,ั๒ส๓ึํยํลฃึํ+ึํ
2011/1/6,7,26,4,15,14,19,43,บ๏ลฃึํส๓ลฃบ๏+บ๏
2011/1/8,12,27,21,33,10,18,4,อรส๓ยํยํษ฿ผฆ+ึํ
2011/1/11,29,42,48,1,2,37,38,นทผฆอรปขลฃปข+ลฃ
2011/1/13,17,25,19,36,44,40,10,นทปขบ๏อรั๒ึํ+ษ฿
2011/1/15,31,18,32,46,13,29,2,บ๏ผฆั๒ษ฿ปขนท+ลฃ
2011/1/18,41,15,9,21,33,31,37,นทส๓ยํยํยํบ๏+ปข
2011/1/20,28,42,37,21,30,5,48,ึํผฆปขยํผฆนท+อร
2011/1/22,15,49,45,39,1,30,37,ส๓ปขยํส๓ปขผฆ+ปข
2011/1/25,16,17,26,9,21,14,20,ึํนทลฃยํยํลฃ+ั๒
2011/1/27,6,25,35,14,29,1,48,ผฆปขม๚ลฃนทปข+อร
2011/1/29,9,10,8,29,49,5,46,ยํษ฿ั๒นทปขนท+ษ฿
2011/2/1,46,32,8,22,48,1,9,ษ฿ั๒ั๒ษ฿อรปข+ยํ
2011/2/3,28,36,37,8,10,6,21,ส๓ม๚อรบ๏ยํนท+ั๒
2011/2/6,31,1,16,27,47,2,19,ผฆอรส๓ลฃษ฿ปข+ผฆ
2011/2/8,28,21,32,34,11,27,17,ส๓ั๒บ๏ยํษ฿ลฃ+ึํ
2011/2/10,36,9,20,18,3,2,12,ม๚ั๒บ๏นทลฃปข+ม๚
2011/2/13,10,37,20,47,24,13,16,ยํอรบ๏ษ฿ม๚อร+ส๓
2011/2/15,38,16,41,17,27,18,30,ปขส๓ึํึํลฃนท+นท
2011/2/17,30,24,25,35,9,37,45,นทม๚อรษ฿ั๒อร+ั๒
2011/2/19,16,13,42,18,23,34,40,ส๓อรนทนทษ฿ยํ+ส๓
2011/2/22,3,21,28,22,8,48,5,ลฃั๒ส๓ยํบ๏ม๚+ึํ
2011/2/24,30,26,7,29,41,27,44,นทปขผฆึํึํลฃ+บ๏
2011/2/26,47,24,1,37,33,28,49,ษ฿ม๚อรอรั๒ส๓+อร
2011/3/1,45,4,30,43,41,25,29,ั๒ส๓นทผฆึํอร+ึํ
2011/3/3,33,9,8,49,13,17,30,ั๒ั๒บ๏อรอรึํ+นท
2011/3/5,34,29,2,25,16,7,10,ยํึํปขอรส๓ผฆ+ยํ
2011/3/8,37,33,23,4,47,15,22,อรั๒ษ฿ส๓ษ฿ลฃ+ยํ
2011/3/10,6,21,49,2,45,46,28,นทั๒อรปขั๒ยํ+ส๓
2011/3/13,14,6,43,27,26,30,21,ปขนทผฆลฃปขนท+ั๒
2011/3/15,15,16,11,4,35,42,9,ลฃส๓ษ฿ส๓ษ฿นท+ั๒
2011/3/17,5,31,4,23,48,39,20,ึํผฆส๓ษ฿ม๚ลฃ+บ๏
2011/3/19,41,33,31,24,8,12,20,ึํั๒ผฆม๚บ๏ม๚+บ๏
2011/3/22,24,45,18,34,38,26,15,ม๚ั๒นทยํปขปข+ลฃ
2011/3/24,17,16,10,42,43,38,13,ึํส๓ยํนทผฆปข+อร
2011/3/26,2,20,47,31,12,25,29,ปขบ๏ษ฿ผฆม๚อร+ึํ
2011/3/29,20,49,9,2,24,1,43,บ๏อรั๒ปขม๚อร+ผฆ
2011/3/31,38,24,39,23,6,40,32,ปขม๚ลฃษ฿นทส๓+บ๏
2011/4/2,3,31,15,36,12,49,11,ลฃผฆลฃม๚ม๚อร+ษ฿
2011/4/5,26,8,10,29,41,44,9,ปขบ๏ยํึํึํบ๏+ั๒
2011/4/7,26,21,31,43,5,1,22,ปขั๒ผฆผฆึํอร+ยํ
2011/4/10,10,34,24,6,47,37,12,ยํยํม๚นทษ฿อร+ม๚
2011/4/12,9,2,4,31,12,21,10,ั๒ปขส๓ผฆม๚ั๒+ยํ
2011/4/14,12,14,37,23,39,32,28,ม๚ปขอรษ฿ลฃบ๏+ส๓
2011/4/16,17,16,1,36,26,31,45,ึํส๓อรม๚ปขผฆ+ั๒
2011/4/19,22,20,18,1,46,8,28,ยํบ๏นทอรยํบ๏+ส๓
2011/4/21,26,22,9,1,6,10,35,ปขยํั๒อรนทยํ+ษ฿
2011/4/23,43,26,30,31,2,4,38,ผฆปขนทผฆปขส๓+ปข
2011/4/26,30,25,29,15,11,49,47,นทอรึํลฃษ฿อร+ษ฿
2011/4/28,30,6,49,1,15,33,3,นทนทอรอรลฃั๒+ลฃ
2011/4/30,30,34,23,10,29,9,36,นทยํษ฿ยํึํั๒+ม๚
2011/5/3,34,2,23,38,13,3,5,ยํปขษ฿ปขอรลฃ+ึํ
2011/5/5,5,32,48,20,15,6,22,ึํบ๏ม๚บ๏ลฃนท+ยํ
2011/5/8,29,14,26,10,39,41,6,ึํปขปขยํลฃึํ+นท
2011/5/12,4,45,9,39,25,28,30,ส๓ั๒ั๒ลฃอรส๓+นท
2011/5/14,4,22,15,33,10,35,48,ส๓ยํลฃั๒ยํษ฿+ม๚
2011/5/17,35,49,12,27,46,14,31,ษ฿อรม๚ลฃยํปข+ผฆ
2011/5/20,48,32,15,18,30,13,8,ม๚บ๏ลฃนทนทอร+บ๏
2011/5/22,45,36,47,17,22,15,35,ั๒ม๚ษ฿ึํยํลฃ+ษ฿
2011/5/24,48,39,33,20,11,31,4,ม๚ลฃั๒บ๏ษ฿ผฆ+ส๓
2011/5/26,48,5,6,37,44,22,23,ม๚ึํนทอรบ๏ยํ+ษ฿
2011/5/28,38,7,43,44,13,34,10,ปขผฆผฆบ๏อรยํ+ยํ
2011/5/31,4,24,10,1,30,39,8,ส๓ม๚ยํอรนทลฃ+บ๏
2011/6/2,47,23,39,7,2,18,17,ษ฿ษ฿ลฃผฆปขนท+ึํ
2011/6/4,46,33,36,49,7,8,18,ยํั๒ม๚อรผฆบ๏+นท
2011/6/7,49,24,42,22,33,36,38,อรม๚นทยํั๒ม๚+ปข
2011/6/9,5,42,6,3,39,15,35,ึํนทนทลฃลฃลฃ+ษ฿
2011/6/12,44,13,4,35,17,1,22,บ๏อรส๓ษ฿ึํอร+ยํ
2011/6/14,48,39,19,13,22,12,46,ม๚ลฃผฆอรยํม๚+ยํ
2011/6/16,4,44,12,47,48,26,2,ส๓บ๏ม๚ษ฿ม๚ปข+ปข
2011/6/18,38,44,14,49,48,16,39,ปขบ๏ปขอรม๚ส๓+ลฃ
2011/6/21,47,10,32,21,16,9,38,ษ฿ยํบ๏ั๒ส๓ั๒+ปข
2011/6/23,2,32,15,27,49,43,42,ปขบ๏ลฃลฃอรผฆ+นท
2011/6/25,23,30,24,4,34,45,19,ษ฿นทม๚ส๓ยํั๒+ผฆ
2011/6/28,15,17,4,45,43,47,38,ลฃึํส๓ั๒ผฆษ฿+ปข
2011/6/30,48,40,49,20,10,46,13,ม๚ส๓อรบ๏ยํยํ+อร
2011/7/2,35,31,34,5,13,33,27,ษ฿ผฆยํึํอรั๒+ลฃ
2011/7/5,9,32,16,28,30,22,37,ั๒บ๏ส๓ส๓นทยํ+อร
2011/7/7,35,10,29,40,14,46,30,ษ฿ยํึํส๓ปขยํ+นท
2011/7/9,10,48,1,13,42,11,15,ยํม๚อรอรนทษ฿+ลฃ
2011/7/12,41,16,28,33,18,45,29,ึํส๓ส๓ั๒นทั๒+ึํ
2011/7/14,48,11,33,37,45,13,36,ม๚ษ฿ั๒อรั๒อร+ม๚
2011/7/16,11,20,31,48,49,17,35,ษ฿บ๏ผฆม๚อรึํ+ษ฿
2011/7/19,3,31,10,40,43,41,20,ลฃผฆยํส๓ผฆึํ+บ๏
2011/7/21,30,28,26,49,6,18,22,นทส๓ปขอรนทนท+ยํ
2011/7/24,37,29,8,48,27,7,21,อรึํบ๏ม๚ลฃผฆ+ั๒
2011/7/26,35,26,15,34,41,25,10,ษ฿ปขลฃยํึํอร+ยํ
2011/7/28,47,30,42,11,36,21,34,ษ฿นทนทษ฿ม๚ั๒+ยํ
2011/7/30,46,47,6,45,44,29,30,ยํษ฿นทั๒บ๏ึํ+นท
2011/8/2,24,21,11,47,25,14,36,ม๚ั๒ษ฿ษ฿อรปข+ม๚
2011/8/4,25,32,34,2,11,39,31,อรบ๏ยํปขษ฿ลฃ+ผฆ
2011/8/6,42,30,45,9,34,31,24,นทนทั๒ั๒ยํผฆ+ม๚
2011/8/9,48,5,25,45,11,6,34,ม๚ึํอรั๒ษ฿นท+ยํ
2011/8/11,37,35,6,25,7,4,48,อรษ฿นทอรผฆส๓+ม๚
2011/8/13,31,23,11,49,37,18,10,ผฆษ฿ษ฿อรอรนท+ยํ
2011/8/16,22,38,9,10,8,5,7,ยํปขั๒ยํบ๏ึํ+ผฆ
2011/8/18,45,17,43,14,5,49,12,ั๒ึํผฆปขึํอร+ม๚
2011/8/20,15,47,17,13,26,23,1,ลฃษ฿ึํอรปขษ฿+อร
2011/8/23,41,24,25,36,11,45,40,ึํม๚อรม๚ษ฿ั๒+ส๓
2011/8/25,25,28,10,20,6,17,2,อรส๓ยํบ๏นทึํ+ปข
2011/8/27,10,9,27,29,19,45,30,ยํั๒ลฃึํผฆั๒+นท
2011/8/30,48,46,49,9,15,24,6,ม๚ยํอรั๒ลฃม๚+นท
2011/9/2,44,49,33,34,2,29,42,บ๏อรั๒ยํปขึํ+นท
2011/9/4,22,21,4,46,18,39,29,ยํั๒ส๓ยํนทลฃ+ึํ
2011/9/6,21,44,7,4,23,1,17,ั๒บ๏ผฆส๓ษ฿อร+ึํ
2011/9/8,44,30,39,18,14,22,32,บ๏นทลฃนทปขยํ+บ๏
2011/9/10,49,19,15,36,44,45,16,อรผฆลฃม๚บ๏ั๒+ส๓
2011/9/13,46,16,28,13,19,11,22,ยํส๓ส๓อรผฆษ฿+ยํ
2011/9/15,49,29,13,41,5,7,25,อรึํอรึํึํผฆ+อร
2011/9/17,14,6,43,25,35,12,42,ปขนทผฆอรษ฿ม๚+นท
2011/9/20,40,10,47,48,27,33,13,ส๓ยํษ฿ม๚ลฃั๒+อร
2011/9/22,39,44,10,8,27,19,6,ลฃบ๏ยํบ๏ลฃผฆ+นท
2011/9/24,34,40,16,18,28,6,38,ยํส๓ส๓นทส๓นท+ปข
2011/9/27,37,4,23,22,49,40,13,อรส๓ษ฿ยํอรส๓+อร
2011/10/2,37,22,41,9,14,45,5,อรยํึํั๒ปขั๒+ึํ
2011/10/4,39,1,37,9,4,15,47,ลฃอรอรั๒ส๓ลฃ+ษ฿
2011/10/8,24,37,41,4,8,26,33,ม๚อรึํส๓บ๏ปข+ั๒
2011/10/11,33,25,6,22,2,39,46,ั๒อรนทยํปขลฃ+ยํ
2011/10/13,33,30,40,28,2,8,23,ั๒นทส๓ส๓ปขบ๏+ษ฿
2011/10/15,37,41,11,24,43,28,13,อรึํษ฿ม๚ผฆส๓+อร
2011/10/18,23,37,48,9,4,47,14,ษ฿อรม๚ั๒ส๓ษ฿+ปข
2011/10/20,32,16,34,23,35,2,40,บ๏ส๓ยํษ฿ษ฿ปข+ส๓
2011/10/22,1,11,20,18,26,30,47,อรษ฿บ๏นทปขนท+ษ฿
2011/10/25,26,35,22,29,27,17,44,ปขษ฿ยํึํลฃึํ+บ๏
2011/10/27,46,48,22,1,43,9,49,ยํม๚ยํอรผฆั๒+อร
2011/10/29,12,15,17,39,5,18,47,ม๚ลฃึํลฃึํนท+ษ฿
2011/11/1,19,8,21,15,24,44,10,ผฆบ๏ั๒ลฃม๚บ๏+ยํ
2011/11/3,3,1,34,44,41,21,43,ลฃอรยํบ๏ึํั๒+ผฆ
2011/11/6,3,16,11,1,7,34,49,ลฃส๓ษ฿อรผฆยํ+อร
2011/11/8,30,23,34,2,40,42,48,นทษ฿ยํปขส๓นท+ม๚
2011/11/10,4,37,49,20,7,9,33,ส๓อรอรบ๏ผฆั๒+ั๒
2011/11/12,17,33,42,10,29,48,35,ึํั๒นทยํึํม๚+ษ฿
2011/11/15,14,30,26,25,11,7,29,ปขนทปขอรษ฿ผฆ+ึํ
2011/11/17,3,44,42,23,6,24,35,ลฃบ๏นทษ฿นทม๚+ษ฿
2011/11/19,14,22,13,10,47,12,21,ปขยํอรยํษ฿ม๚+ั๒
2011/11/22,24,43,21,47,31,7,5,ม๚ผฆั๒ษ฿ผฆผฆ+ึํ
2011/11/24,35,3,41,38,5,19,32,ษ฿ลฃึํปขึํผฆ+บ๏
2011/11/26,39,33,47,42,22,4,14,ลฃั๒ษ฿นทยํส๓+ปข
2011/11/29,13,6,42,40,37,3,29,อรนทนทส๓อรลฃ+ึํ
2011/12/1,22,33,1,8,28,3,5,ยํั๒อรบ๏ส๓ลฃ+ึํ
2011/12/3,18,37,3,2,9,23,31,นทอรลฃปขั๒ษ฿+ผฆ
2011/12/6,5,1,11,2,43,6,25,ึํอรษ฿ปขผฆนท+อร
2011/12/8,20,28,22,36,48,5,1,บ๏ส๓ยํม๚ม๚ึํ+อร
2011/12/10,3,42,21,25,14,27,34,ลฃนทั๒อรปขลฃ+ยํ
2011/12/13,40,36,38,3,25,32,31,ส๓ม๚ปขลฃอรบ๏+ผฆ
2011/12/15,21,29,43,47,9,34,32,ั๒ึํผฆษ฿ั๒ยํ+บ๏
2011/12/18,1,38,35,23,2,46,5,อรปขษ฿ษ฿ปขยํ+ึํ
2011/12/20,43,31,26,29,49,37,2,ผฆผฆปขึํอรอร+ปข
2011/12/22,49,37,5,18,16,28,24,อรอรึํนทส๓ส๓+ม๚
2011/12/24,27,17,24,4,1,43,41,ลฃึํม๚ส๓อรผฆ+ึํ
2011/12/26,30,8,37,48,38,31,5,นทบ๏อรม๚ปขผฆ+ึํ
2011/12/29,39,23,7,21,10,29,1,ลฃษ฿ผฆั๒ยํึํ+อร
2011/12/31,27,3,44,40,2,49,38,ลฃลฃบ๏ส๓ปขอร+ปข
2012/1/3,31,5,12,37,45,34,10,ผฆึํม๚อรั๒ยํ+ยํ
2012/1/5,33,48,11,46,9,43,2,ั๒ม๚ษ฿ยํั๒ผฆ+ปข
2012/1/7,31,3,7,32,10,35,30,ผฆลฃผฆบ๏ยํษ฿+นท
2012/1/10,26,31,35,20,3,32,12,ปขผฆษ฿บ๏ลฃบ๏+ม๚
2012/1/12,44,36,27,48,15,32,47,บ๏ม๚ลฃม๚ลฃบ๏+ษ฿
2012/1/14,36,10,24,13,20,29,14,ม๚ยํม๚อรบ๏ึํ+ปข
2012/1/17,36,24,44,16,35,23,1,ม๚ม๚บ๏ส๓ษ฿ษ฿+อร
2012/1/19,18,14,2,39,25,1,31,นทปขปขลฃอรอร+ผฆ
2012/1/22,20,47,10,18,14,34,41,บ๏ษ฿ยํนทปขยํ+ึํ
2012/1/26,10,34,3,11,29,17,15,ั๒ั๒ปขยํส๓ส๓+ปข
2012/1/31,29,42,46,28,27,22,49,ส๓ึํั๒ลฃปขั๒+ม๚
2012/2/2,45,14,20,38,46,21,47,บ๏อรผฆอรั๒บ๏+ยํ
2012/2/4,6,20,27,12,16,38,7,ึํผฆปขษ฿ลฃอร+นท
2012/2/7,11,30,41,45,16,34,47,ยํึํส๓บ๏ลฃั๒+ยํ
2012/2/9,12,33,34,20,3,41,43,ษ฿บ๏ั๒ผฆปขส๓+นท
2012/2/12,39,34,9,41,33,7,48,ปขั๒บ๏ส๓บ๏นท+ษ฿
2012/2/14,37,10,14,49,39,21,25,ม๚ั๒อรม๚ปขบ๏+ม๚
2012/2/16,25,44,4,12,42,18,8,ม๚ผฆลฃษ฿ึํึํ+ผฆ
2012/2/18,5,16,41,46,12,17,15,ส๓ลฃส๓ั๒ษ฿ส๓+ปข
2012/2/21,49,1,15,35,11,12,17,ม๚ม๚ปขยํยํษ฿+ส๓
2012/2/23,47,22,15,5,1,43,37,ยํั๒ปขส๓ม๚นท+ม๚
2012/2/25,49,26,27,14,24,12,22,ม๚อรปขอรษ฿ษ฿+ั๒
2012/2/28,24,8,37,49,28,9,47,ษ฿ผฆม๚ม๚ลฃบ๏+ยํ
2012/3/1,31,40,34,30,47,25,13,นทลฃั๒ึํยํม๚+ม๚
2012/3/3,1,4,8,28,21,3,5,ม๚ลฃผฆลฃบ๏ปข+ส๓
2012/3/6,7,36,33,28,3,31,32,นทษ฿บ๏ลฃปขนท+ผฆ
2012/3/8,3,36,35,5,17,9,43,ปขษ฿ยํส๓ส๓บ๏+นท
2012/3/11,42,23,48,33,39,10,34,ึํยํษ฿บ๏ปขั๒+ั๒
2012/3/13,7,26,43,47,8,48,12,นทอรนทยํผฆษ฿+ษ฿
2012/3/15,34,28,49,4,31,48,6,ั๒ลฃม๚ลฃนทษ฿+ึํ
2012/3/17,18,13,23,4,45,6,15,ึํม๚ยํลฃบ๏ึํ+ปข
2012/3/20,46,13,44,29,11,18,37,ั๒ม๚ผฆส๓ยํึํ+ม๚
2012/3/22,2,47,38,48,49,35,41,อรยํอรษ฿ม๚ยํ+ส๓
2012/3/24,49,23,35,32,3,43,34,ม๚ยํยํผฆปขนท+ั๒
2012/3/27,25,17,43,2,7,30,38,ม๚ส๓นทอรนทึํ+อร
2012/3/29,21,28,16,10,31,29,8,บ๏ลฃลฃั๒นทส๓+ผฆ
2012/3/31,33,44,30,11,19,37,18,บ๏ผฆึํยํนทม๚+ึํ
2012/4/3,46,21,47,28,20,44,42,ั๒บ๏ยํลฃผฆผฆ+ึํ
2012/4/5,17,45,13,15,18,41,14,ส๓บ๏ม๚ปขึํส๓+อร
2012/4/7,24,49,3,14,22,34,44,ษ฿ม๚ปขอรั๒ั๒+ผฆ
2012/4/10,4,47,11,16,42,26,6,ลฃยํยํลฃึํอร+ึํ
2012/4/12,16,2,25,28,17,11,41,ลฃอรม๚ลฃส๓ยํ+ส๓
2012/4/14,3,40,15,20,32,19,25,ปขลฃปขผฆผฆนท+ม๚
2012/4/17,7,6,17,46,35,19,4,นทึํส๓ั๒ยํนท+ลฃ
2012/4/19,41,5,12,13,37,20,23,ส๓ส๓ษ฿ม๚ม๚ผฆ+ยํ
2012/4/22,3,41,21,11,42,1,2,ปขส๓บ๏ยํึํม๚+อร
2012/4/24,28,17,29,34,31,1,45,ลฃส๓ส๓ั๒นทม๚+บ๏
2012/4/26,17,30,11,7,22,10,14,ส๓ึํยํนทั๒ั๒+อร
2012/4/28,20,19,17,11,29,32,38,ผฆนทส๓ยํส๓ผฆ+อร
2012/5/1,32,33,19,26,5,17,22,ผฆบ๏นทอรส๓ส๓+ั๒
2012/5/3,46,2,47,49,28,20,3,ั๒อรยํม๚ลฃผฆ+ปข
2012/5/5,4,17,11,49,29,39,8,ลฃส๓ยํม๚ส๓ปข+ผฆ
2012/5/8,33,9,4,17,34,10,35,บ๏บ๏ลฃส๓ั๒ั๒+ยํ
2012/5/10,17,23,46,32,34,13,41,ส๓ยํั๒ผฆั๒ม๚+ส๓
2012/5/13,21,30,34,45,39,16,4,บ๏ึํั๒บ๏ปขลฃ+ลฃ
2012/5/15,23,14,33,5,22,16,32,ยํอรบ๏ส๓ั๒ลฃ+ผฆ
2012/5/17,27,1,10,15,37,21,40,ปขม๚ั๒ปขม๚บ๏+ลฃ
2012/5/20,41,23,47,26,17,3,33,ส๓ยํยํอรส๓ปข+บ๏
2012/5/22,8,1,26,32,22,37,41,ผฆม๚อรผฆั๒ม๚+ส๓
2012/5/24,2,5,8,40,29,47,34,อรส๓ผฆลฃส๓ยํ+ั๒
2012/5/26,9,20,10,38,49,22,7,บ๏ผฆั๒อรม๚ั๒+นท
2012/5/29,18,8,31,37,22,20,46,ึํผฆนทม๚ั๒ผฆ+ั๒
2012/5/31,9,4,39,47,24,31,38,บ๏ลฃปขยํษ฿นท+อร
2012/6/2,43,19,47,20,9,14,37,นทนทยํผฆบ๏อร+ม๚
2012/6/5,43,21,34,10,26,35,37,นทบ๏ั๒ั๒อรยํ+ม๚
2012/6/7,39,17,4,48,20,29,9,ปขส๓ลฃษ฿ผฆส๓+บ๏
2012/6/10,8,44,37,15,18,39,6,ผฆผฆม๚ปขึํปข+ึํ
2012/6/12,30,16,36,14,7,25,32,ึํลฃษ฿อรนทม๚+ผฆ
2012/6/16,7,29,4,6,13,2,9,นทส๓ลฃึํม๚อร+บ๏
2012/6/19,42,48,26,10,13,40,24,ึํษ฿อรั๒ม๚ลฃ+ษ฿
2012/6/21,35,2,8,5,13,17,28,ยํอรผฆส๓ม๚ส๓+ลฃ
2012/6/23,34,9,40,14,17,48,39,ั๒บ๏ลฃอรส๓ษ฿+ปข
2012/6/26,6,19,26,37,28,49,47,ึํนทอรม๚ลฃม๚+ยํ
2012/6/28,3,36,19,27,6,14,24,ปขษ฿นทปขึํอร+ษ฿
2012/6/30,10,37,32,28,13,41,1,ั๒ม๚ผฆลฃม๚ส๓+ม๚
2012/7/3,6,12,14,31,10,38,20,ึํษ฿อรนทั๒อร+ผฆ
2012/7/5,2,24,3,26,11,27,44,อรษ฿ปขอรยํปข+ผฆ
2012/7/7,22,46,4,1,5,44,37,ั๒ั๒ลฃม๚ส๓ผฆ+ม๚
2012/7/10,7,4,13,28,49,36,3,นทลฃม๚ลฃม๚ษ฿+ปข
2012/7/12,40,33,44,2,39,13,43,ลฃบ๏ผฆอรปขม๚+นท
2012/7/14,24,2,6,41,46,16,27,ษ฿อรึํส๓ั๒ลฃ+ปข
2012/7/17,24,30,11,8,49,17,3,ษ฿ึํยํผฆม๚ส๓+ปข
2012/7/19,30,46,34,20,9,35,29,ึํั๒ั๒ผฆบ๏ยํ+ส๓
2012/7/21,19,23,7,45,34,30,13,นทยํนทบ๏ั๒ึํ+ม๚
2012/7/24,22,23,15,45,11,10,31,ั๒ยํปขบ๏ยํั๒+นท
2012/7/26,22,11,44,24,9,13,32,ั๒ยํผฆษ฿บ๏ม๚+ผฆ
2012/7/28,18,44,45,25,38,40,5,ึํผฆบ๏ม๚อรลฃ+ส๓
2012/7/31,2,35,23,16,47,10,1,อรยํยํลฃยํั๒+ม๚
2012/8/2,49,9,11,12,22,28,7,ม๚บ๏ยํษ฿ั๒ลฃ+นท
2012/8/4,42,20,49,15,8,41,12,ึํผฆม๚ปขผฆส๓+ษ฿
2012/8/7,2,40,9,13,46,44,10,อรลฃบ๏ม๚ั๒ผฆ+ั๒
2012/8/9,22,13,20,46,10,42,48,ั๒ม๚ผฆั๒ั๒ึํ+ษ฿
2012/8/11,5,42,41,31,11,12,16,ส๓ึํส๓นทยํษ฿+ลฃ
2012/8/14,47,34,16,37,13,2,28,ยํั๒ลฃม๚ม๚อร+ลฃ
2012/8/16,19,5,23,6,13,34,8,นทส๓ยํึํม๚ั๒+ผฆ
2012/8/18,7,10,32,34,22,48,45,นทั๒ผฆั๒ั๒ษ฿+บ๏
2012/8/21,36,1,12,38,7,17,48,ษ฿ม๚ษ฿อรนทส๓+ษ฿
2012/8/23,15,13,25,45,28,47,5,ปขม๚ม๚บ๏ลฃยํ+ส๓
2012/8/25,21,47,38,7,22,3,27,บ๏ยํอรนทั๒ปข+ปข
2012/8/28,17,7,49,29,24,47,45,ส๓นทม๚ส๓ษ฿ยํ+บ๏
2012/8/30,21,11,26,34,7,15,38,บ๏ยํอรั๒นทปข+อร
2012/9/1,21,19,12,15,9,47,38,บ๏นทษ฿ปขบ๏ยํ+อร
2012/9/4,45,43,24,20,36,34,3,บ๏นทษ฿ผฆษ฿ั๒+ปข
2012/9/6,6,38,43,13,41,33,29,ึํอรนทม๚ส๓บ๏+ส๓
2012/9/9,4,15,27,34,7,12,37,ลฃปขปขั๒นทษ฿+ม๚
2012/9/11,11,41,25,27,4,39,43,ยํส๓ม๚ปขลฃปข+นท
2012/9/13,16,22,42,31,20,48,43,ลฃั๒ึํนทผฆษ฿+นท
2012/9/15,27,18,7,21,48,6,42,ปขึํนทบ๏ษ฿ึํ+ึํ
2012/9/18,27,15,43,38,42,26,39,ปขปขนทอรึํอร+ปข
2012/9/22,2,49,38,35,33,13,40,อรม๚อรยํบ๏ม๚+ลฃ
2012/9/25,1,28,17,4,32,20,47,ม๚ลฃส๓ลฃผฆผฆ+ยํ
2012/9/27,17,3,40,15,10,1,28,ส๓ปขลฃปขั๒ม๚+ลฃ
2012/9/29,2,17,26,16,8,20,32,อรส๓อรลฃผฆผฆ+ผฆ
2012/10/2,33,12,37,24,44,25,13,บ๏ษ฿ม๚ษ฿ผฆม๚+ม๚
2012/10/7,1,10,47,29,12,13,9,ม๚ั๒ยํส๓ษ฿ม๚+บ๏
2012/10/9,21,22,36,15,27,17,16,บ๏ั๒ษ฿ปขปขส๓+ลฃ
2012/10/11,46,18,40,11,1,3,35,ั๒ึํลฃยํม๚ปข+ยํ
2012/10/13,26,5,11,33,41,6,4,อรส๓ยํบ๏ส๓ึํ+ลฃ
2012/10/16,35,27,9,44,39,17,40,ยํปขบ๏ผฆปขส๓+ลฃ
2012/10/18,10,6,4,16,29,14,26,ั๒ึํลฃลฃส๓อร+อร
2012/10/20,31,4,19,44,34,37,6,นทลฃนทผฆั๒ม๚+ึํ
2012/10/23,11,29,45,47,28,41,21,ยํส๓บ๏ยํลฃส๓+บ๏
2012/10/25,40,17,43,23,41,8,28,ลฃส๓นทยํส๓ผฆ+ลฃ
2012/10/27,34,36,26,28,30,39,1,ั๒ษ฿อรลฃึํปข+ม๚
2012/10/30,40,1,28,34,20,30,19,ลฃม๚ลฃั๒ผฆึํ+นท
2012/11/1,18,34,28,24,42,15,2,ึํั๒ลฃษ฿ึํปข+อร
2012/11/3,36,33,46,12,1,48,41,ษ฿บ๏ั๒ษ฿ม๚ษ฿+ส๓
2012/11/6,37,39,6,28,8,1,42,ม๚ปขึํลฃผฆม๚+ึํ
2012/11/8,47,26,37,44,31,15,43,ยํอรม๚ผฆนทปข+นท
2012/11/11,26,45,47,35,28,9,25,อรบ๏ยํยํลฃบ๏+ม๚
2012/11/13,29,5,30,26,25,3,31,ส๓ส๓ึํอรม๚ปข+นท
2012/11/15,46,20,36,41,18,48,21,ั๒ผฆษ฿ส๓ึํษ฿+บ๏
2012/11/17,12,7,24,39,43,48,30,ษ฿นทษ฿ปขนทษ฿+ึํ
2012/11/20,45,2,11,20,37,47,13,บ๏อรยํผฆม๚ยํ+ม๚
2012/11/22,49,9,22,26,30,44,31,ม๚บ๏ั๒อรึํผฆ+นท
2012/11/24,4,15,2,3,40,23,13,ลฃปขอรปขลฃยํ+ม๚
2012/11/27,47,8,21,20,34,24,10,ยํผฆบ๏ผฆั๒ษ฿+ั๒
2012/11/29,13,32,28,17,26,34,6,ม๚ผฆลฃส๓อรั๒+ึํ
2012/12/1,36,10,17,38,27,16,47,ษ฿ั๒ส๓อรปขลฃ+ยํ
2012/12/4,10,18,11,37,47,7,4,ั๒ึํยํม๚ยํนท+ลฃ
2012/12/6,1,41,43,6,38,45,48,ม๚ส๓นทึํอรบ๏+ษ฿
2012/12/8,47,22,34,15,30,33,38,ยํั๒ั๒ปขึํบ๏+อร
2012/12/11,42,49,15,2,28,41,24,ึํม๚ปขอรลฃส๓+ษ฿
2012/12/13,42,47,9,6,29,31,14,ึํยํบ๏ึํส๓นท+อร
2012/12/15,18,28,41,33,21,47,48,ึํลฃส๓บ๏บ๏ยํ+ษ฿
2012/12/18,21,8,14,41,48,45,34,บ๏ผฆอรส๓ษ฿บ๏+ั๒
2012/12/20,36,40,4,34,25,12,49,ษ฿ลฃลฃั๒ม๚ษ฿+ม๚
2012/12/23,9,27,34,28,32,43,2,บ๏ปขั๒ลฃผฆนท+อร
2012/12/25,24,46,18,49,23,12,14,ษ฿ั๒ึํม๚ยํษ฿+อร
2012/12/27,47,29,7,44,4,39,23,ยํส๓นทผฆลฃปข+ยํ
2012/12/29,1,11,33,6,39,9,40,ม๚ยํบ๏ึํปขบ๏+ลฃ
2012/12/31,6,48,30,5,25,32,45,ึํษ฿ึํส๓ม๚ผฆ+บ๏
2013/1/3,48,46,33,32,25,17,39,ษ฿ั๒บ๏ผฆม๚ส๓+ปข
2013/1/8,14,19,29,49,21,20,7,อรนทส๓ม๚บ๏ผฆ+นท
2013/1/10,2,45,41,9,24,34,48,อรบ๏ส๓บ๏ษ฿ั๒+ษ฿
2013/1/13,6,3,31,49,19,21,7,ึํปขนทม๚นทบ๏+นท
2013/1/15,24,31,27,3,4,7,13,ษ฿นทปขปขลฃนท+ม๚
2013/1/17,43,44,2,25,8,14,11,นทผฆอรม๚ผฆอร+ยํ
2013/1/19,31,3,19,21,12,48,26,นทปขนทบ๏ษ฿ษ฿+อร
2013/1/22,22,20,4,37,2,30,1,ั๒ผฆลฃม๚อรึํ+ม๚
2013/1/24,1,49,9,3,2,20,24,ม๚ม๚บ๏ปขอรผฆ+ษ฿
2013/1/26,29,48,45,42,2,41,5,ส๓ษ฿บ๏ึํอรส๓+ส๓
2013/1/29,8,36,44,26,47,20,28,ผฆษ฿ผฆอรยํผฆ+ลฃ
2013/1/31,22,16,46,35,38,27,32,ั๒ลฃั๒ยํอรปข+ผฆ
2013/2/3,2,47,48,23,39,17,22,อรยํษ฿ยํปขส๓+ั๒
2013/2/5,31,45,19,5,32,34,13,นทบ๏นทส๓ผฆั๒+ม๚
2013/2/7,33,12,18,3,22,8,37,บ๏ษ฿ึํปขั๒ผฆ+ม๚
2013/2/9,47,46,4,35,10,8,32,ยํั๒ลฃยํั๒ผฆ+ผฆ
2013/2/14,27,16,24,48,11,36,47,อรปขยํยํั๒ยํ+ั๒
2013/2/16,30,3,12,35,37,38,18,ส๓อรยํั๒ษ฿ม๚+ส๓
2013/2/19,19,18,32,44,40,5,34,ึํส๓นทนทปขลฃ+บ๏
2013/2/21,32,14,22,21,11,49,7,นทม๚บ๏ผฆั๒ษ฿+ึํ
2013/2/23,36,19,35,30,12,23,15,ยํึํั๒ส๓ยํั๒+อร
2013/2/26,36,16,4,15,1,18,21,ยํปขปขอรษ฿ส๓+ผฆ
2013/2/28,26,10,28,30,11,23,17,ม๚บ๏ปขส๓ั๒ั๒+ลฃ
2013/3/3,8,31,39,7,35,26,37,นทึํอรึํั๒ม๚+ษ฿
2013/3/5,36,6,4,43,8,35,5,ยํส๓ปขึํนทั๒+ลฃ
2013/3/7,8,24,35,41,9,39,2,นทยํั๒ลฃผฆอร+ม๚
2013/3/9,43,9,40,18,24,34,28,ึํผฆปขส๓ยํบ๏+ปข
2013/3/12,17,30,38,15,45,13,4,ลฃส๓ม๚อรผฆษ฿+ปข
2013/3/14,46,4,16,17,3,15,12,บ๏ปขปขลฃอรอร+ยํ
2013/3/16,31,9,41,47,45,6,18,ึํผฆลฃั๒ผฆส๓+ส๓
2013/3/19,15,34,29,12,28,3,8,อรบ๏ลฃยํปขอร+นท
2013/3/21,13,4,42,39,1,22,34,ษ฿ปขส๓อรษ฿บ๏+บ๏
2013/3/23,17,6,9,33,42,25,27,ลฃส๓ผฆผฆส๓ษ฿+อร
2013/3/26,40,26,35,15,44,10,11,ปขม๚ั๒อรนทบ๏+ั๒
2013/3/28,38,17,44,31,12,45,43,ม๚ลฃนทึํยํผฆ+ึํ
2013/3/30,25,6,34,43,19,4,17,ษ฿ส๓บ๏ึํึํปข+ลฃ
2013/4/2,46,33,2,31,4,9,5,บ๏ผฆม๚ึํปขผฆ+ลฃ
2013/4/4,27,2,7,11,17,15,4,อรม๚ึํั๒ลฃอร+ปข
2013/4/6,16,41,10,12,48,29,25,ปขลฃบ๏ยํยํลฃ+ษ฿
2013/4/9,28,35,43,2,3,25,39,ปขั๒ึํม๚อรษ฿+อร
2013/4/11,11,20,24,18,49,29,2,ั๒นทยํส๓ษ฿ลฃ+ม๚
2013/4/13,47,8,46,40,16,29,18,ั๒นทบ๏ปขปขลฃ+ส๓
2013/4/16,21,27,15,43,38,11,48,ผฆอรอรึํม๚ั๒+ยํ
2013/4/18,39,4,22,5,14,17,9,อรปขบ๏ลฃม๚ลฃ+ผฆ
2013/4/21,9,15,10,40,33,49,48,ผฆอรบ๏ปขผฆษ฿+ยํ
2013/4/23,7,41,35,29,23,20,6,ึํลฃั๒ลฃั๒นท+ส๓
2013/4/25,22,17,14,38,15,48,19,บ๏ลฃม๚ม๚อรยํ+ึํ
2013/4/27,26,7,23,16,4,28,9,ม๚ึํั๒ปขปขปข+ผฆ
2013/4/30,18,4,49,30,31,24,36,ส๓ปขษ฿ส๓ึํยํ+ยํ
2013/5/2,31,28,5,1,44,46,14,ึํปขลฃษ฿นทบ๏+ม๚
2013/5/4,29,40,44,10,1,49,33,ลฃปขนทบ๏ษ฿ษ฿+ผฆ
2013/5/7,29,14,37,9,5,24,36,ลฃม๚ษ฿ผฆลฃยํ+ยํ
2013/5/9,14,34,16,12,15,22,13,ม๚บ๏ปขยํอรบ๏+ษ฿
2013/5/12,16,20,1,11,6,25,22,ปขนทษ฿ั๒ส๓ษ฿+บ๏
2013/5/14,44,2,16,19,47,11,27,นทม๚ปขึํั๒ั๒+อร
2013/5/16,48,7,42,32,27,18,17,ยํึํส๓นทอรส๓+ลฃ
2013/5/19,43,48,4,24,30,14,34,ึํยํปขยํส๓ม๚+บ๏
2013/5/21,11,16,31,18,23,12,36,ั๒ปขึํส๓ั๒ยํ+ยํ
2013/5/23,47,12,24,49,45,27,6,ั๒ยํยํษ฿ผฆอร+ส๓
2013/5/25,25,10,40,3,8,26,38,ษ฿บ๏ปขอรนทม๚+ม๚
2013/5/28,1,6,5,25,4,9,27,ษ฿ส๓ลฃษ฿ปขผฆ+อร
2013/5/30,22,17,27,36,46,15,23,บ๏ลฃอรยํบ๏อร+ั๒
2013/6/1,27,1,23,36,49,45,7,อรษ฿ั๒ยํษ฿ผฆ+ึํ
2013/6/4,40,9,48,26,17,36,2,ปขผฆยํม๚ลฃยํ+ม๚
2013/6/6,48,10,16,32,28,20,30,ยํบ๏ปขนทปขนท+ส๓
2013/6/9,44,42,15,22,24,18,28,นทส๓อรบ๏ยํส๓+ปข
2013/6/11,1,35,40,39,21,14,5,ษ฿ั๒ปขอรผฆม๚+ลฃ
2013/6/13,43,11,3,32,26,35,1,ึํั๒อรนทม๚ั๒+ษ฿
2013/6/15,42,27,29,14,45,9,44,ส๓อรลฃม๚ผฆผฆ+นท
2013/6/18,9,47,22,31,45,23,39,ผฆั๒บ๏ึํผฆั๒+อร
2013/6/20,29,46,11,31,14,16,30,ลฃบ๏ั๒ึํม๚ปข+ส๓
2013/6/22,23,40,42,25,46,34,39,ั๒ปขส๓ษ฿บ๏บ๏+อร
2013/6/25,35,40,20,38,17,29,22,ั๒ปขนทม๚ลฃลฃ+บ๏
2013/6/27,47,48,16,37,34,42,17,ั๒ยํปขษ฿บ๏ส๓+ลฃ
2013/6/29,34,1,26,4,37,3,14,บ๏ษ฿ม๚ปขษ฿อร+ม๚
2013/7/2,45,28,19,43,33,7,13,ผฆปขึํึํผฆึํ+ษ฿
2013/7/6,43,29,6,9,47,27,17,ึํลฃส๓ผฆั๒อร+ลฃ
2013/7/9,1,15,46,38,4,40,49,ษ฿อรบ๏ม๚ปขปข+ษ฿
2013/7/11,38,45,39,14,28,26,8,ม๚ผฆอรม๚ปขม๚+นท
2013/7/13,7,32,18,14,23,46,42,ึํนทส๓ม๚ั๒บ๏+ส๓
2013/7/16,3,18,19,37,47,20,25,อรส๓ึํษ฿ั๒นท+ษ฿
2013/7/18,14,46,36,18,28,32,44,ม๚บ๏ยํส๓ปขนท+นท
2013/7/21,26,33,17,3,20,47,34,ม๚ผฆลฃอรนทั๒+บ๏
2013/7/23,32,28,17,8,6,22,20,นทปขลฃนทส๓บ๏+นท
2013/7/25,49,34,23,27,20,32,30,ษ฿บ๏ั๒อรนทนท+ส๓
2013/7/27,7,28,1,3,36,22,21,ึํปขษ฿อรยํบ๏+ผฆ
2013/7/30,33,44,42,31,12,8,49,ผฆนทส๓ึํยํนท+ษ฿
2013/8/1,8,22,6,20,10,19,42,นทบ๏ส๓นทบ๏ึํ+ส๓
2013/8/3,23,12,6,5,39,38,48,ั๒ยํส๓ลฃอรม๚+ยํ
2013/8/6,44,11,32,4,15,19,42,นทั๒นทปขอรึํ+ส๓
2013/8/8,13,26,25,23,15,29,9,ษ฿ม๚ษ฿ั๒อรลฃ+ผฆ
2013/8/10,3,30,41,20,44,10,31,อรส๓ลฃนทนทบ๏+ึํ
2013/8/13,41,6,42,49,31,1,44,ลฃส๓ส๓ษ฿ึํษ฿+นท
2013/8/15,42,31,22,10,26,16,23,ส๓ึํบ๏บ๏ม๚ปข+ั๒
2013/8/17,30,14,9,32,31,49,1,ส๓ม๚ผฆนทึํษ฿+ษ฿
2013/8/20,15,31,14,13,46,48,36,อรึํม๚ษ฿บ๏ยํ+ยํ
2013/8/22,1,41,16,49,25,33,46,ษ฿ลฃปขษ฿ษ฿ผฆ+บ๏
2013/8/24,20,10,6,15,14,3,33,นทบ๏ส๓อรม๚อร+ผฆ
2013/8/27,14,9,29,36,30,32,20,ม๚ผฆลฃยํส๓นท+นท
2013/8/29,38,28,35,25,47,24,16,ม๚ปขั๒ษ฿ั๒ยํ+ปข
2013/8/31,42,3,6,17,18,43,36,ส๓อรส๓ลฃส๓ึํ+ยํ
2013/9/3,21,39,35,26,25,33,17,ผฆอรั๒ม๚ษ฿ผฆ+ลฃ
2013/9/5,49,7,29,22,1,28,37,ษ฿ึํลฃบ๏ษ฿ปข+ษ฿
2013/9/7,28,30,18,7,17,10,6,ปขส๓ส๓ึํลฃบ๏+ส๓
2013/9/10,49,39,12,19,8,48,17,ษ฿อรยํึํนทยํ+ลฃ
2013/9/12,14,48,31,26,1,28,36,ม๚ยํึํม๚ษ฿ปข+ยํ
2013/9/14,39,29,47,40,21,6,33,อรลฃั๒ปขผฆส๓+ผฆ
2013/9/16,39,22,47,31,45,17,49,อรบ๏ั๒ึํผฆลฃ+ษ฿
2013/9/19,45,18,3,49,15,26,41,ผฆส๓อรษ฿อรม๚+ลฃ
2013/9/21,47,39,22,35,25,36,31,ั๒อรบ๏ั๒ษ฿ยํ+ึํ
2013/9/24,26,13,25,30,29,39,19,ม๚ษ฿ษ฿ส๓ลฃอร+ึํ
2013/9/26,11,6,9,3,28,7,34,ั๒ส๓ผฆอรปขึํ+บ๏
2013/9/28,33,39,49,43,48,40,34,ผฆอรษ฿ึํยํปข+บ๏
2013/9/30,43,44,40,1,11,29,4,ึํนทปขษ฿ั๒ลฃ+ปข
2013/10/3,26,32,14,41,35,17,15,ม๚นทม๚ลฃั๒ลฃ+อร
2013/10/5,9,31,29,4,6,36,20,ผฆึํลฃปขส๓ยํ+นท
2013/10/8,7,3,27,1,6,15,30,ึํอรอรษ฿ส๓อร+ส๓
2013/10/10,16,9,8,38,17,11,20,ปขผฆนทม๚ลฃั๒+นท
2013/10/13,42,48,24,28,37,35,38,ส๓ยํยํปขษ฿ั๒+ม๚
2013/10/15,20,41,33,4,46,27,12,นทลฃผฆปขบ๏อร+ยํ
2013/10/17,1,45,35,24,44,11,49,ษ฿ผฆั๒ยํนทั๒+ษ฿
2013/10/19,31,1,44,47,41,10,18,ึํษ฿นทั๒ลฃบ๏+ส๓
2013/10/22,34,49,36,9,5,41,26,บ๏ษ฿ยํผฆลฃลฃ+ม๚
2013/10/24,10,24,44,43,9,22,30,บ๏ยํนทึํผฆบ๏+ส๓
2013/10/26,38,48,47,6,30,15,40,ม๚ยํั๒ส๓ส๓อร+ปข
2013/10/29,25,34,47,22,1,20,17,ษ฿บ๏ั๒บ๏ษ฿นท+ลฃ
2013/10/31,43,47,2,29,9,46,21,ึํั๒ม๚ลฃผฆบ๏+ผฆ
2013/11/2,18,8,29,34,19,31,36,ส๓นทลฃบ๏ึํึํ+ยํ
2013/11/5,38,4,42,22,25,37,20,ม๚ปขส๓บ๏ษ฿ษ฿+นท
2013/11/7,9,4,14,26,30,42,21,ผฆปขม๚ม๚ส๓ส๓+ผฆ
2013/11/10,32,13,35,39,42,31,16,นทษ฿ั๒อรส๓ึํ+ปข
2013/11/12,28,49,19,21,47,18,46,ปขษ฿ึํผฆั๒ส๓+บ๏
2013/11/14,8,25,3,34,10,29,32,นทษ฿อรบ๏บ๏ลฃ+นท
2013/11/16,1,43,8,17,39,32,48,ษ฿ึํนทลฃอรนท+ยํ
2013/11/19,27,49,35,12,47,44,36,อรษ฿ั๒ยํั๒นท+ยํ
2013/11/21,6,25,23,8,49,3,4,ส๓ษ฿ั๒นทษ฿อร+ปข
2013/11/23,21,41,30,3,20,18,13,ผฆลฃส๓อรนทส๓+ษ฿
2013/11/26,9,31,44,10,34,12,18,ผฆึํนทบ๏บ๏ยํ+ส๓
2013/11/28,3,6,33,34,21,43,9,อรส๓ผฆบ๏ผฆึํ+ผฆ
2013/11/30,34,2,45,15,42,19,14,บ๏ม๚ผฆอรส๓ึํ+ม๚
2013/12/3,40,39,17,1,29,24,21,ปขอรลฃษ฿ลฃยํ+ผฆ
2013/12/5,26,19,46,16,17,1,29,ม๚ึํบ๏ปขลฃษ฿+ลฃ
2013/12/7,41,24,26,18,44,5,20,ลฃยํม๚ส๓นทลฃ+นท
2013/12/10,46,17,30,36,1,8,16,บ๏ลฃส๓ยํษ฿นท+ปข
2013/12/12,34,24,10,19,31,28,27,บ๏ยํบ๏ึํึํปข+อร
2013/12/14,49,38,15,6,46,14,29,ษ฿ม๚อรส๓บ๏ม๚+ลฃ
2013/12/17,19,33,1,20,8,15,47,ึํผฆษ฿นทนทอร+ั๒
2013/12/19,4,47,39,31,14,43,27,ปขั๒อรึํม๚ึํ+อร
2013/12/22,49,18,43,13,41,12,39,ษ฿ส๓ึํษ฿ลฃยํ+อร
2013/12/25,4,47,45,21,49,25,6,ปขั๒ผฆผฆษ฿ษ฿+ส๓
2013/12/28,32,43,9,42,20,4,5,นทึํผฆส๓นทปข+ลฃ
2013/12/31,42,40,44,7,12,9,14,ส๓ปขนทึํยํผฆ+ม๚
2014/1/2,43,38,1,46,36,49,21,ึํม๚ษ฿บ๏ยํษ฿+ผฆ
2014/1/4,31,49,16,32,6,44,43,ึํษ฿ปขนทส๓นท+ึํ
2014/1/7,31,9,38,41,16,30,46,ึํผฆม๚ลฃปขส๓+บ๏
2014/1/9,15,28,4,39,45,16,25,อรปขปขอรผฆปข+ษ฿
2014/1/12,36,39,44,16,42,3,17,ยํอรนทปขส๓อร+ลฃ
2014/1/14,9,11,33,31,34,27,21,ผฆั๒ผฆึํบ๏อร+ผฆ
2014/1/16,9,37,18,17,16,15,33,ผฆษ฿ส๓ลฃปขอร+ผฆ
2014/1/18,28,44,18,17,3,26,38,ปขนทส๓ลฃอรม๚+ม๚
2014/1/21,23,20,34,37,49,8,44,ั๒นทบ๏ษ฿ษ฿นท+นท
2014/1/23,4,18,21,31,27,5,7,ปขส๓ผฆึํอรลฃ+ึํ
2014/1/25,38,37,43,5,20,48,6,ม๚ษ฿ึํลฃนทยํ+ส๓
2014/1/28,30,20,37,4,27,31,18,ส๓นทษ฿ปขอรึํ+ส๓
2014/1/30,26,36,16,3,2,4,45,ม๚ยํปขอรม๚ปข+ผฆ
2014/2/4,49,15,48,11,13,39,37,ยํม๚ั๒บ๏ยํม๚+ยํ
2014/2/6,37,26,27,32,33,45,39,ยํษ฿ม๚ึํนทนท+ม๚
2014/2/9,47,20,35,21,37,48,14,บ๏ึํบ๏นทยํั๒+ษ฿
2014/2/11,29,24,7,27,25,10,19,ปขั๒ส๓ม๚ยํผฆ+ส๓
2014/2/13,40,19,46,25,49,23,30,อรส๓ผฆยํยํบ๏+ลฃ
2014/2/15,2,32,30,36,14,45,11,ษ฿ึํลฃั๒ษ฿นท+บ๏
2014/2/18,21,23,15,34,25,45,35,นทบ๏ม๚ผฆยํนท+บ๏
2014/2/20,26,31,5,24,3,40,45,ษ฿ส๓ปขั๒ม๚อร+นท
2014/2/22,24,35,33,23,29,2,14,ั๒บ๏นทบ๏ปขษ฿+ษ฿
2014/2/25,8,43,40,39,41,26,5,ึํส๓อรม๚ปขษ฿+ปข
2014/2/27,35,28,9,15,24,5,44,บ๏อรนทม๚ั๒ปข+ึํ
2014/3/2,21,46,16,19,11,38,34,นทผฆอรส๓บ๏ษ฿+ผฆ
2014/3/4,27,19,33,3,13,16,22,ม๚ส๓นทม๚ยํอร+ผฆ
2014/3/6,46,39,27,6,10,20,38,ผฆม๚ม๚ลฃผฆึํ+ษ฿
2014/3/8,2,16,17,32,24,3,40,ษ฿อรปขึํั๒ม๚+อร
2014/3/11,33,30,28,6,15,4,27,นทลฃอรลฃม๚อร+ม๚
2014/3/13,7,20,19,22,10,17,30,ส๓ึํส๓ผฆผฆปข+ลฃ
2014/3/15,29,46,2,24,21,15,27,ปขผฆษ฿ั๒นทม๚+ม๚
2014/3/18,42,17,2,48,23,35,27,ลฃปขษ฿ั๒บ๏บ๏+ม๚
2014/3/20,1,37,9,48,18,25,14,ยํยํนทั๒ลฃยํ+ษ฿
2014/3/22,20,34,26,21,11,49,4,ึํผฆษ฿นทบ๏ยํ+อร
2014/3/25,36,22,35,44,28,45,6,ั๒ผฆบ๏ึํอรนท+ลฃ
2014/3/27,35,45,49,7,42,23,36,บ๏นทยํส๓ลฃบ๏+ั๒
2014/3/29,18,24,10,33,12,2,11,ลฃั๒ผฆนทั๒ษ฿+บ๏
2014/4/1,36,48,43,49,33,22,25,ั๒ั๒ส๓ยํนทผฆ+ยํ
2014/4/3,25,26,4,28,27,9,3,ยํษ฿อรอรม๚นท+ม๚
2014/4/5,44,39,45,10,19,38,31,ึํม๚นทผฆส๓ษ฿+ส๓
2014/4/8,24,47,45,11,31,46,6,ั๒บ๏นทบ๏ส๓ผฆ+ลฃ
2014/4/10,31,49,18,21,42,4,25,ส๓ยํลฃนทลฃอร+ยํ
2014/4/12,43,45,18,20,28,6,13,ส๓นทลฃึํอรลฃ+ยํ
2014/4/15,41,6,45,14,28,16,27,ปขลฃนทษ฿อรอร+ม๚
2014/4/17,24,14,12,45,17,23,42,ั๒ษ฿ั๒นทปขบ๏+ลฃ
2014/4/19,46,47,21,32,20,35,3,ผฆบ๏นทึํึํบ๏+ม๚
2014/4/22,29,1,41,12,3,36,14,ปขยํปขั๒ม๚ั๒+ษ฿
2014/4/24,39,28,40,17,1,32,16,ม๚อรอรปขยํึํ+อร
2014/4/26,47,9,12,36,27,22,46,บ๏นทั๒ั๒ม๚ผฆ+ผฆ
2014/4/29,26,15,2,8,45,37,14,ษ฿ม๚ษ฿ึํนทยํ+ษ฿
2014/5/1,28,37,1,14,29,43,30,อรยํยํษ฿ปขส๓+ลฃ
2014/5/3,13,30,2,16,6,36,25,ยํลฃษ฿อรลฃั๒+ยํ
2014/5/6,10,33,23,39,36,44,30,ผฆนทบ๏ม๚ั๒ึํ+ลฃ
2014/5/8,37,12,39,2,30,10,48,ยํั๒ม๚ษ฿ลฃผฆ+ั๒
2014/5/11,26,38,45,49,16,11,5,ษ฿ษ฿นทยํอรบ๏+ปข
2014/5/13,35,9,32,20,22,41,8,บ๏นทึํึํผฆปข+ึํ
2014/5/15,16,12,24,9,35,34,7,อรั๒ั๒นทบ๏ผฆ+ส๓
2014/5/18,21,37,45,27,9,12,7,นทยํนทม๚นทั๒+ส๓
2014/5/20,10,33,16,44,34,47,6,ผฆนทอรึํผฆบ๏+ลฃ
2014/5/22,17,37,31,9,28,35,19,ปขยํส๓นทอรบ๏+ส๓
2014/5/24,41,2,14,4,39,30,49,ปขษ฿ษ฿อรม๚ลฃ+ยํ
2014/5/27,30,16,10,34,44,3,1,ลฃอรผฆผฆึํม๚+ยํ
2014/5/29,48,4,26,24,14,19,35,ั๒อรษ฿ั๒ษ฿ส๓+บ๏
2014/5/31,47,28,32,37,2,10,31,บ๏อรึํยํษ฿ผฆ+ส๓
2014/6/2,39,3,19,13,36,20,15,ม๚ม๚ส๓ยํั๒ึํ+ม๚
2014/6/4,40,25,33,46,10,11,6,อรยํนทผฆผฆบ๏+ลฃ
2014/6/7,4,8,44,13,19,48,27,อรึํึํยํส๓ั๒+ม๚
2014/6/10,30,32,1,35,44,37,40,ลฃึํยํบ๏ึํยํ+อร
2014/6/12,3,44,21,18,41,45,15,ม๚ึํนทลฃปขนท+ม๚
2014/6/17,16,23,45,15,4,3,21,อรบ๏นทม๚อรม๚+นท
2014/6/19,30,31,24,44,3,17,7,ลฃส๓ั๒ึํม๚ปข+ส๓
2014/6/21,49,45,17,37,2,40,48,ยํนทปขยํษ฿อร+ั๒
2014/6/24,30,31,25,35,18,24,36,ลฃส๓ยํบ๏ลฃั๒+ั๒
2014/6/26,42,48,47,20,2,40,28,ลฃั๒บ๏ึํษ฿อร+อร
2014/6/29,15,23,46,38,47,26,21,ม๚บ๏ผฆษ฿บ๏ษ฿+นท
2014/7/3,48,17,37,14,43,34,20,ั๒ปขยํษ฿ส๓ผฆ+ึํ
2014/7/5,36,32,10,38,14,37,47,ั๒ึํผฆษ฿ษ฿ยํ+บ๏
2014/7/8,16,38,4,22,39,27,36,อรษ฿อรผฆม๚ม๚+ั๒
2014/7/10,17,25,1,9,22,2,8,ปขยํยํนทผฆษ฿+ึํ
2014/7/12,11,40,3,49,13,23,43,บ๏อรม๚ยํยํบ๏+ส๓
2014/7/15,41,32,9,42,2,5,44,ปขึํนทลฃษ฿ปข+ึํ
2014/7/17,20,28,42,43,1,30,10,ึํอรลฃส๓ยํลฃ+ผฆ
2014/7/19,48,41,30,9,40,1,49,ั๒ปขลฃนทอรยํ+ยํ
2014/7/22,14,1,16,3,41,24,13,ษ฿ยํอรม๚ปขั๒+ยํ
2014/7/24,38,4,31,36,5,21,14,ษ฿อรส๓ั๒ปขนท+ษ฿
2014/7/26,17,36,4,1,15,42,40,ปขั๒อรยํม๚ลฃ+อร
2014/7/29,11,13,31,37,15,47,19,บ๏ยํส๓ยํม๚บ๏+ส๓
2014/7/31,12,35,44,22,48,27,38,ั๒บ๏ึํผฆั๒ม๚+ษ฿
2014/8/2,42,23,48,26,22,3,28,ลฃบ๏ั๒ษ฿ผฆม๚+อร
2014/8/5,7,24,29,8,18,5,14,ส๓ั๒ปขึํลฃปข+ษ฿
2014/8/7,46,32,14,31,36,5,11,ผฆึํษ฿ส๓ั๒ปข+บ๏
2014/8/9,15,41,31,1,33,9,37,ม๚ปขส๓ยํนทนท+ยํ
2014/8/12,27,39,31,9,7,36,32,ม๚ม๚ส๓นทส๓ั๒+ึํ
2014/8/14,14,49,4,48,8,23,11,ษ฿ยํอรั๒ึํบ๏+บ๏
2014/8/16,42,27,37,23,26,46,15,ลฃม๚ยํบ๏ษ฿ผฆ+ม๚
2014/8/19,42,27,2,46,32,5,16,ลฃม๚ษ฿ผฆึํปข+อร
2014/8/21,31,10,30,14,29,26,18,ส๓ผฆลฃษ฿ปขษ฿+ลฃ
2014/8/23,14,24,38,32,12,4,13,ษ฿ั๒ษ฿ึํั๒อร+ยํ
2014/8/26,44,33,25,37,32,29,47,ึํนทยํยํึํปข+บ๏
2014/8/28,38,17,27,11,24,31,49,ษ฿ปขม๚บ๏ั๒ส๓+ยํ
2014/8/30,15,27,18,24,49,39,6,ม๚ม๚ลฃั๒ยํม๚+ลฃ
2014/9/2,45,43,37,26,47,28,25,นทส๓ยํษ฿บ๏อร+ยํ
2014/9/4,11,34,36,43,14,46,1,บ๏ผฆั๒ส๓ษ฿ผฆ+ยํ
2014/9/9,7,39,27,36,25,42,31,ส๓ม๚ม๚ั๒ยํลฃ+ส๓
2014/9/13,43,48,3,12,40,49,32,ส๓ั๒ม๚ั๒อรยํ+ึํ
2014/9/16,17,22,43,4,34,15,35,ปขผฆส๓อรผฆม๚+บ๏
2014/9/18,45,25,16,27,6,20,29,นทยํอรม๚ลฃึํ+ปข
2014/9/20,38,32,48,3,16,40,27,ษ฿ึํั๒ม๚อรอร+ม๚
2014/9/23,13,28,43,41,12,20,23,ยํอรส๓ปขั๒ึํ+บ๏
2014/9/25,48,19,49,42,44,3,38,ั๒ส๓ยํลฃึํม๚+ษ฿
2014/9/28,10,28,6,35,26,12,24,ผฆอรลฃบ๏ษ฿ั๒+ั๒
2014/9/30,10,16,20,46,39,45,47,ผฆอรึํผฆม๚นท+บ๏
2014/10/2,10,4,24,29,33,35,7,ผฆอรั๒ปขนทบ๏+ส๓
2014/10/4,5,45,14,24,27,22,8,ปขนทษ฿ั๒ม๚ผฆ+ึํ
2014/10/7,49,33,42,12,13,26,48,ยํนทลฃั๒ยํษ฿+ั๒
2014/10/9,12,2,23,46,40,14,39,ั๒ษ฿บ๏ผฆอรษ฿+ม๚
2014/10/12,37,29,35,26,34,47,8,ยํปขบ๏ษ฿ผฆบ๏+ึํ
2014/10/14,8,5,17,37,1,20,33,ึํปขปขยํยํึํ+นท
2014/10/16,34,39,48,4,49,9,18,ผฆม๚ั๒อรยํนท+ลฃ
2014/10/18,19,47,22,12,40,36,25,ส๓บ๏ผฆั๒อรั๒+ยํ
2014/10/21,29,6,18,34,17,9,42,ปขลฃลฃผฆปขนท+ลฃ
2014/10/23,11,29,28,41,14,37,19,บ๏ปขอรปขษ฿ยํ+ส๓
2014/10/25,40,39,41,13,1,43,18,อรม๚ปขยํยํส๓+ลฃ
2014/10/28,30,37,16,47,26,43,31,ลฃยํอรบ๏ษ฿ส๓+ส๓
2014/10/30,49,36,3,47,29,19,33,ยํั๒ม๚บ๏ปขส๓+นท
2014/11/1,20,44,26,9,10,11,31,ึํึํษ฿นทผฆบ๏+ส๓
2014/11/4,38,30,23,16,29,37,33,ษ฿ลฃบ๏อรปขยํ+นท
2014/11/6,29,4,12,14,48,10,3,ปขอรั๒ษ฿ั๒ผฆ+ม๚
2014/11/8,7,8,32,15,34,39,43,ส๓ึํึํม๚ผฆม๚+ส๓
2014/11/11,5,49,9,3,48,19,26,ปขยํนทม๚ั๒ส๓+ษ฿
2014/11/13,36,49,21,42,41,46,6,ั๒ยํนทลฃปขผฆ+ลฃ
2014/11/16,34,33,15,43,32,7,10,ผฆนทม๚ส๓ึํส๓+ผฆ
2014/11/18,17,2,6,37,49,24,46,ปขษ฿ลฃยํยํั๒+ผฆ
2014/11/20,33,16,8,46,19,35,12,นทอรึํผฆส๓บ๏+ั๒
2014/11/22,12,27,32,17,33,2,44,ั๒ม๚ึํปขนทษ฿+ึํ
2014/11/25,47,6,44,41,35,42,19,บ๏ลฃึํปขบ๏ลฃ+ส๓
2014/11/27,2,45,22,20,40,30,44,ษ฿นทผฆึํอรลฃ+ึํ
2014/11/29,33,37,7,26,29,32,31,นทยํส๓ษ฿ปขึํ+ส๓
2014/12/2,47,27,4,13,49,1,33,บ๏ม๚อรยํยํยํ+นท
2014/12/4,1,20,33,27,36,8,35,ยํึํนทม๚ั๒ึํ+บ๏
2014/12/6,21,17,40,18,25,48,16,นทปขอรลฃยํั๒+อร
2014/12/9,41,3,13,4,29,31,46,ปขม๚ยํอรปขส๓+ผฆ
2014/12/11,32,7,1,35,13,39,31,ึํส๓ยํบ๏ยํม๚+ส๓
2014/12/13,12,17,48,20,14,40,19,ั๒ปขั๒ึํษ฿อร+ส๓
2014/12/16,1,42,31,7,14,34,16,ยํลฃส๓ส๓ษ฿ผฆ+อร
2014/12/18,8,10,25,6,29,21,33,ึํผฆยํลฃปขนท+นท
2014/12/21,43,36,37,25,30,2,22,ส๓ั๒ยํยํลฃษ฿+ผฆ
2014/12/23,35,1,47,12,4,14,33,บ๏ยํบ๏ั๒อรษ฿+นท
2014/12/25,19,47,24,46,12,43,30,ส๓บ๏ั๒ผฆั๒ส๓+ลฃ
2014/12/27,28,15,31,32,14,48,40,อรม๚ส๓ึํษ฿ั๒+อร
2014/12/29,1,40,30,39,25,33,7,ยํอรลฃม๚ยํนท+ส๓
2014/12/31,32,37,19,25,33,10,27,ึํยํส๓ยํนทผฆ+ม๚
2015/1/3,44,42,15,35,8,31,39,ึํลฃม๚บ๏ึํส๓+ม๚
2015/1/6,14,16,18,3,49,38,29,ษ฿อรลฃม๚ยํษ฿+ปข
2015/1/8,8,28,44,18,37,19,13,ึํอรึํลฃยํส๓+ยํ
2015/1/11,47,21,10,40,24,33,5,บ๏นทผฆอรั๒นท+ปข
2015/1/13,37,40,43,21,27,16,14,ยํอรส๓นทม๚อร+ษ฿
2015/1/15,14,49,1,43,2,37,24,ษ฿ยํยํส๓ษ฿ยํ+ั๒
2015/1/17,27,14,25,15,30,16,11,ม๚ษ฿ยํม๚ลฃอร+บ๏
2015/1/20,29,13,9,15,5,7,47,ปขยํนทม๚ปขส๓+บ๏
2015/1/22,42,30,46,8,21,16,32,ลฃลฃผฆึํนทอร+ึํ
2015/1/24,18,17,26,20,32,31,6,ลฃปขษ฿ึํึํส๓+ลฃ
2015/1/27,5,10,13,28,35,4,12,ปขผฆยํอรบ๏อร+ั๒
2015/1/29,29,25,32,6,15,46,9,ปขยํึํลฃม๚ผฆ+นท
2015/1/31,46,47,14,7,17,5,27,ผฆบ๏ษ฿ส๓ปขปข+ม๚
2015/2/3,49,43,11,36,47,34,21,ยํส๓บ๏ั๒บ๏ผฆ+นท
2015/2/5,22,18,17,13,16,45,10,ผฆลฃปขยํอรนท+ผฆ
2015/2/8,17,18,5,7,27,48,30,ปขลฃปขส๓ม๚ั๒+ลฃ
2015/2/10,30,23,2,41,34,17,14,ลฃบ๏ษ฿ปขผฆปข+ษ฿
2015/2/12,31,14,7,10,9,22,35,ส๓ษ฿ส๓ผฆนทผฆ+บ๏
2015/2/14,10,25,21,35,12,2,26,ผฆยํนทบ๏ั๒ษ฿+ษ฿
2015/2/17,44,22,28,33,14,46,25,ึํผฆอรนทษ฿ผฆ+ยํ
2015/2/22,42,46,29,28,15,20,35,ปขนทอรม๚ษ฿ส๓+ผฆ
2015/2/24,48,17,32,28,33,18,37,บ๏อรส๓ม๚ึํปข+ั๒
2015/2/26,22,20,25,33,12,10,27,นทส๓ั๒ึํบ๏นท+ษ฿
2015/2/28,23,6,9,43,25,41,38,ผฆปขึํลฃั๒อร+ยํ
2015/3/3,17,25,46,27,13,49,19,อรั๒นทษ฿ั๒ั๒+ลฃ
2015/3/5,10,38,20,2,6,40,46,นทยํส๓ยํปขม๚+นท
2015/3/7,32,8,49,6,16,12,37,ส๓ส๓ั๒ปขม๚บ๏+ั๒
2015/3/10,22,45,1,27,48,18,25,นทึํั๒ษ฿บ๏ปข+ั๒
2015/3/12,23,14,25,37,24,17,34,ผฆยํั๒ั๒บ๏อร+นท
2015/3/14,29,4,21,37,25,32,27,อรม๚ึํั๒ั๒ส๓+ษ฿
2015/3/17,1,11,5,47,34,23,14,ั๒ผฆอรผฆนทผฆ+ยํ
2015/3/19,31,30,43,15,17,12,46,ลฃปขลฃษ฿อรบ๏+นท
2015/3/22,26,34,38,7,33,30,5,ยํนทยํลฃึํปข+อร
2015/3/24,42,37,2,5,44,13,27,ปขั๒ยํอรส๓ั๒+ษ฿
2015/3/26,39,6,2,9,49,16,29,ษ฿ปขยํึํั๒ม๚+อร
2015/3/28,37,11,16,29,6,30,34,ั๒ผฆม๚อรปขปข+นท
2015/3/31,27,46,10,36,2,5,7,ษ฿นทนทบ๏ยํอร+ลฃ
2015/4/2,4,42,37,12,20,47,35,ม๚ปขั๒บ๏ส๓ผฆ+ผฆ
2015/4/4,26,44,45,29,12,9,19,ยํส๓ึํอรบ๏ึํ+ลฃ
2015/4/6,43,21,46,42,26,24,4,ลฃึํนทปขยํบ๏+ม๚
2015/4/9,11,34,38,31,37,10,14,ผฆนทยํลฃั๒นท+ยํ
2015/4/11,19,17,6,20,18,42,25,ลฃอรปขส๓ปขปข+ั๒
2015/4/14,30,40,35,42,31,48,6,ปขม๚ผฆปขลฃบ๏+ปข
2015/4/16,5,20,35,1,39,3,28,อรส๓ผฆั๒ษ฿ษ฿+ม๚
2015/4/18,31,29,47,41,12,17,38,ลฃอรผฆอรบ๏อร+ยํ
2015/4/21,24,13,48,3,20,43,49,บ๏ั๒บ๏ษ฿ส๓ลฃ+ั๒
2015/4/23,8,4,3,36,7,26,31,ส๓ม๚ษ฿บ๏ลฃยํ+ลฃ
2015/4/25,19,24,36,12,49,21,23,ลฃบ๏บ๏บ๏ั๒ึํ+ผฆ
2015/4/28,36,8,28,1,31,45,9,บ๏ส๓ม๚ั๒ลฃึํ+ึํ
2015/4/30,8,36,30,42,6,34,12,ส๓บ๏ปขปขปขนท+บ๏
2015/5/2,16,49,26,10,7,12,40,ม๚ั๒ยํนทลฃบ๏+ม๚
2015/5/5,11,42,43,49,13,41,29,ผฆปขลฃั๒ั๒อร+อร
2015/5/7,14,21,25,7,3,29,6,ยํึํั๒ลฃษ฿อร+ปข
2015/5/10,2,15,39,44,38,13,8,ยํษ฿ษ฿ส๓ยํั๒+ส๓
2015/5/12,26,3,15,7,25,47,10,ยํษ฿ษ฿ลฃั๒ผฆ+นท
2015/5/14,48,5,17,22,34,38,2,บ๏อรอรนทนทยํ+ยํ
2015/5/17,36,21,44,32,37,46,47,บ๏ึํส๓ส๓ั๒นท+ผฆ
2015/5/19,48,37,27,28,21,33,13,บ๏ั๒ษ฿ม๚ึํึํ+ั๒
2015/5/21,16,19,47,18,36,42,46,ม๚ลฃผฆปขบ๏ปข+นท
2015/5/23,43,44,45,5,13,10,7,ลฃส๓ึํอรั๒นท+ลฃ
2015/5/26,7,45,42,37,10,15,41,ลฃึํปขั๒นทษ฿+อร
2015/5/28,2,47,44,7,23,20,30,ยํผฆส๓ลฃผฆส๓+ปข
2015/5/30,42,9,45,36,28,16,2,ปขึํึํบ๏ม๚ม๚+ยํ
2015/6/2,11,21,38,42,12,15,25,ผฆึํยํปขบ๏ษ฿+ั๒
2015/6/4,24,49,31,28,39,18,44,บ๏ั๒ลฃม๚ษ฿ปข+ส๓
2015/6/6,22,27,9,11,49,14,44,นทษ฿ึํผฆั๒ยํ+ส๓
2015/6/9,20,16,7,17,25,12,31,ส๓ม๚ลฃอรั๒บ๏+ลฃ
2015/6/11,44,35,10,13,38,42,27,ส๓ผฆนทั๒ยํปข+ษ฿
2015/6/13,26,33,12,24,25,10,23,ยํึํบ๏บ๏ั๒นท+ผฆ
2015/6/16,13,26,44,40,24,16,42,ั๒ยํส๓ม๚บ๏ม๚+ปข
2015/6/18,12,46,11,35,24,4,3,บ๏นทผฆผฆบ๏ม๚+ษ฿
2015/6/20,34,16,12,48,31,42,37,นทม๚บ๏บ๏ลฃปข+ั๒
2015/6/23,33,42,26,3,10,46,44,ึํปขยํษ฿นทนท+ส๓
2015/6/25,40,28,49,26,1,5,15,ม๚ม๚ั๒ยํั๒อร+ษ฿
2015/6/28,43,41,9,8,33,18,15,ลฃอรึํส๓ึํปข+ษ฿
2015/6/30,21,27,12,14,38,43,15,ึํษ฿บ๏ยํยํลฃ+ษ฿
2015/7/2,11,4,48,44,23,32,49,ผฆม๚บ๏ส๓ผฆส๓+ั๒
2015/7/4,47,34,9,32,24,43,35,ผฆนทึํส๓บ๏ลฃ+ผฆ
2015/7/7,40,28,29,38,19,9,33,ม๚ม๚อรยํลฃึํ+ึํ
2015/7/11,17,22,5,28,2,27,37,อรนทอรม๚ยํษ฿+ั๒
2015/7/14,7,10,13,38,20,8,5,ลฃนทั๒ยํส๓ส๓+อร
2015/7/16,38,35,22,18,23,16,25,ยํผฆนทปขผฆม๚+ั๒
2015/7/18,20,23,13,24,46,47,39,ส๓ผฆั๒บ๏นทผฆ+ษ฿
2015/7/21,42,41,15,19,14,4,10,ปขอรษ฿ลฃยํม๚+นท
2015/7/23,45,49,40,33,10,43,38,ึํั๒ม๚ึํนทลฃ+ยํ
2015/7/26,15,11,28,30,4,26,13,ษ฿ผฆม๚ปขม๚ยํ+ั๒
2015/7/28,32,25,33,35,34,12,45,ส๓ั๒ึํผฆนทบ๏+ึํ
2015/7/30,11,48,24,17,5,4,46,ผฆบ๏บ๏อรอรม๚+นท
2015/8/1,32,47,14,31,28,20,18,ส๓ผฆยํลฃม๚ส๓+ปข
2015/8/4,15,13,5,9,21,23,12,ษ฿ั๒อรึํึํผฆ+บ๏
2015/8/6,23,41,40,22,42,35,16,ผฆอรม๚นทปขผฆ+ม๚
2015/8/8,12,25,46,10,42,19,37,บ๏ั๒นทนทปขลฃ+ั๒
2015/8/11,27,26,47,22,28,36,12,ษ฿ยํผฆนทม๚บ๏+บ๏
2015/8/13,21,24,22,8,4,1,46,ึํบ๏นทส๓ม๚ั๒+นท
2015/8/15,2,6,30,33,25,13,20,ยํปขปขึํั๒ั๒+ส๓
2015/8/18,43,17,49,7,34,41,1,ลฃอรั๒ลฃนทอร+ั๒
2015/8/20,18,4,44,5,23,32,6,ปขม๚ส๓อรผฆส๓+ปข
2015/8/22,32,2,37,36,26,31,12,ส๓ยํั๒บ๏ยํลฃ+บ๏
2015/8/25,41,42,39,16,15,3,36,อรปขษ฿ม๚ษ฿ษ฿+บ๏
2015/8/27,29,9,39,13,30,45,48,อรึํษ฿ั๒ปขึํ+บ๏
2015/8/29,9,32,37,39,22,28,47,ึํส๓ั๒ษ฿นทม๚+ผฆ
2015/9/1,31,10,5,36,8,6,17,ลฃนทอรบ๏ส๓ปข+อร
2015/9/3,16,45,34,12,36,42,41,ม๚ึํนทบ๏บ๏ปข+อร
2015/9/5,15,40,26,36,20,16,46,ษ฿ม๚ยํบ๏ส๓ม๚+นท
2015/9/8,22,4,41,1,13,32,26,นทม๚อรั๒ั๒ส๓+ยํ
2015/9/10,11,1,36,13,35,23,34,ผฆั๒บ๏ั๒ผฆผฆ+นท
2015/9/12,5,38,21,25,13,40,17,อรยํึํั๒ั๒ม๚+อร
2015/9/15,5,22,17,25,27,3,46,อรนทอรั๒ษ฿ษ฿+นท
2015/9/17,9,41,4,17,1,35,37,ึํอรม๚อรั๒ผฆ+ั๒
2015/9/22,25,43,11,2,36,12,10,ั๒ลฃผฆยํบ๏บ๏+นท
2015/9/24,10,16,15,24,4,28,49,นทม๚ษ฿บ๏ม๚ม๚+ั๒
2015/9/26,37,43,6,18,16,15,2,ั๒ลฃปขปขม๚ษ฿+ยํ
2015/9/30,46,28,10,23,9,37,34,นทม๚นทผฆึํั๒+นท
2015/10/3,39,30,16,10,40,8,6,ษ฿ปขม๚นทม๚ส๓+ปข
2015/10/6,32,2,22,7,9,46,26,ส๓ยํนทลฃึํนท+ยํ
2015/10/8,17,40,8,28,34,39,14,อรม๚ส๓ม๚นทษ฿+ยํ
2015/10/11,22,36,46,4,35,21,40,นทบ๏นทม๚ผฆึํ+ม๚
2015/10/13,34,30,4,33,1,22,26,นทปขม๚ึํั๒นท+ยํ
2015/10/15,17,30,34,18,33,26,29,อรปขนทปขึํยํ+อร
2015/10/17,33,48,2,19,12,34,24,ึํบ๏ยํลฃบ๏นท+บ๏
2015/10/19,46,15,38,39,7,11,25,นทษ฿ยํษ฿ลฃผฆ+ั๒
2015/10/21,25,48,16,40,14,1,17,ั๒บ๏ม๚ม๚ยํั๒+อร
2015/10/24,27,34,18,45,35,28,2,ษ฿นทปขึํผฆม๚+ยํ
2015/10/27,33,20,22,44,31,39,10,ึํส๓นทส๓ลฃษ฿+นท
2015/10/29,31,22,5,46,4,6,47,ลฃนทอรนทม๚ปข+ผฆ
2015/10/31,28,4,48,37,10,42,8,ม๚ม๚บ๏ั๒นทปข+ส๓
2015/11/3,38,12,25,7,13,34,15,ยํบ๏ั๒ลฃั๒นท+ษ฿
2015/11/5,25,44,11,5,27,10,7,ั๒ส๓ผฆอรษ฿นท+ลฃ
2015/11/7,6,16,34,44,48,27,1,ปขม๚นทส๓บ๏ษ฿+ั๒
2015/11/10,47,4,43,28,42,14,3,ผฆม๚ลฃม๚ปขยํ+ษ฿
2015/11/12,10,24,28,45,33,20,19,นทบ๏ม๚ึํึํส๓+ลฃ
2015/11/15,13,15,45,28,41,24,20,ั๒ษ฿ึํม๚อรบ๏+ส๓
2015/11/17,33,13,47,31,35,12,21,ึํั๒ผฆลฃผฆบ๏+ึํ
2015/11/19,15,40,41,13,48,25,19,ษ฿ม๚อรั๒บ๏ั๒+ลฃ
2015/11/22,33,30,38,20,39,9,37,ึํปขยํส๓ษ฿ึํ+ั๒
2015/11/24,44,17,21,41,36,22,38,ส๓อรึํอรบ๏นท+ยํ
2015/11/26,44,10,39,17,25,26,7,ส๓นทษ฿อรั๒ยํ+ลฃ
2015/11/28,31,25,28,24,15,21,48,ลฃั๒ม๚บ๏ษ฿ึํ+บ๏
2015/12/1,8,10,33,22,9,40,28,ส๓นทึํนทึํม๚+ม๚
2015/12/3,42,14,41,4,44,11,10,ปขยํอรม๚ส๓ผฆ+นท
2015/12/5,19,16,35,6,34,46,9,ลฃม๚ผฆปขนทนท+ึํ
2015/12/8,49,25,10,9,40,48,32,ั๒ั๒นทึํม๚บ๏+ส๓
2015/12/10,9,29,24,47,32,34,42,ึํอรบ๏ผฆส๓นท+ปข
2015/12/12,16,42,44,27,35,18,33,ม๚ปขส๓ษ฿ผฆปข+ึํ
2015/12/15,18,41,40,48,49,22,42,ปขอรม๚บ๏ั๒นท+ปข
2015/12/17,20,36,24,18,45,44,39,ส๓บ๏บ๏ปขึํส๓+ษ฿
2015/12/20,43,45,20,16,6,11,21,ลฃึํส๓ม๚ปขผฆ+ึํ
2015/12/22,44,36,38,11,28,48,26,ส๓บ๏ยํผฆม๚บ๏+ยํ
2015/12/24,18,20,12,33,47,28,25,ปขส๓บ๏ึํผฆม๚+ั๒
2015/12/26,37,1,8,42,47,33,7,ั๒ั๒ส๓ปขผฆึํ+ลฃ
2015/12/29,30,38,33,20,3,5,28,ปขยํึํส๓ษ฿อร+ม๚
2015/12/31,22,24,11,25,2,12,3,นทบ๏ผฆั๒ยํบ๏+ษ฿
2016/1/2,6,34,8,41,32,11,47,ปขนทส๓อรส๓ผฆ+ผฆ
2016/1/5,18,45,2,5,7,30,11,ปขึํยํอรลฃปข+ผฆ
2016/1/7,29,11,9,47,43,6,8,อรผฆึํผฆลฃปข+ส๓
2016/1/10,15,8,30,45,18,4,38,ษ฿ส๓ปขึํปขม๚+ยํ
2016/1/12,8,13,44,45,35,15,47,ส๓ั๒ส๓ึํผฆษ฿+ผฆ
2016/1/14,23,49,32,2,1,10,26,ผฆั๒ส๓ยํั๒นท+ยํ
2016/1/16,2,6,1,43,37,40,24,ยํปขั๒ลฃั๒ม๚+บ๏
